facilityId,facilityName,state,lat,lon,primaryFuel
3,Barry,AL,31.0069,-88.0103,Pipeline Natural Gas
7,Gadsden,AL,34.0128,-85.9708,Pipeline Natural Gas
8,Gorgas,AL,33.6446,-87.2003,Coal
9,Copper Station,TX,31.7569,-106.375,Pipeline Natural Gas
10,Greene County,AL,32.6017,-87.7811,Pipeline Natural Gas
26,E C Gaston,AL,33.2442,-86.4567,Coal
47,Colbert,AL,34.7439,-87.8486,Pipeline Natural Gas
51,Dolet Hills Power Station,LA,32.0306,-93.5692,Coal
54,Smith Generating Facility,KY,37.8824,-84.1025,Pipeline Natural Gas
56,Charles R Lowman,AL,31.4858,-87.9106,Pipeline Natural Gas
59,Platte,NE,40.8538,-98.3481,Coal
60,Gerald Whelan Energy Center,NE,40.5806,-98.3106,Coal
87,Escalante,NM,35.4159,-108.082,Coal
108,Holcomb,KS,37.9306,-100.9725,Coal
113,Cholla,AZ,34.9394,-110.3033,Coal
116,Ocotillo Power Plant,AZ,33.4225,-111.9122,Pipeline Natural Gas
117,APS West Phoenix Power Plant,AZ,33.4417,-112.1583,Pipeline Natural Gas
118,APS Saguaro Power Plant,AZ,32.5517,-111.3,Pipeline Natural Gas
120,Yucca Power Plant,AZ,32.7214,-114.7097,Pipeline Natural Gas
124,De Moss Petrie Generating Station,AZ,32.2511,-110.9889,Natural Gas
126,Irvington Generating Station,AZ,32.16,-110.9047,Natural Gas
127,Oklaunion Power Station,TX,34.0825,-99.1753,Coal
130,Cross,SC,33.3692,-80.1119,Coal
136,Seminole (136),FL,29.7333,-81.6339,Natural Gas
141,Agua Fria Generating Station,AZ,33.5542,-112.2161,Pipeline Natural Gas
147,Kyrene Generating Station,AZ,33.3544,-111.9364,Pipeline Natural Gas
160,Apache Station,AZ,32.0619,-109.8931,Pipeline Natural Gas
165,Grand River Dam Authority,OK,36.1906,-95.2889,Pipeline Natural Gas
170,Lake Catherine,AR,34.4341,-92.9046,Pipeline Natural Gas
201,Thomas Fitzhugh,AR,35.4617,-93.8053,Pipeline Natural Gas
202,Carl Bailey,AR,35.2597,-91.3631,Pipeline Natural Gas
203,McClellan,AR,33.5648,-92.7917,Pipeline Natural Gas
260,Moss Landing Power Plant,CA,36.8042,-121.7775,Pipeline Natural Gas
298,Limestone,TX,31.4219,-96.2525,Coal
302,Cabrillo Power I Encina Power Station,CA,33.1408,-117.3342,Pipeline Natural Gas
315,AES Alamitos,CA,33.7688,-118.1009,Pipeline Natural Gas
330,El Segundo,CA,33.9106,-118.425,Pipeline Natural Gas
335,AES Huntington Beach,CA,33.6436,-117.9788,Pipeline Natural Gas
341,Long Beach Generating Station,CA,33.7641,-118.2248,Pipeline Natural Gas
350,"Ormond Beach Power, LLC.",CA,34.1292,-119.1689,Pipeline Natural Gas
356,AES Redondo Beach,CA,33.8504,-118.395,Pipeline Natural Gas
358,Mountainview Generating Station,CA,34.0836,-117.2408,Pipeline Natural Gas
377,Grayson Power Plant,CA,34.1556,-118.2782,Pipeline Natural Gas
384,Joliet 29,IL,41.4947,-88.125,Pipeline Natural Gas
389,El Centro,CA,32.8022,-115.54,Pipeline Natural Gas
399,Harbor Generating Station,CA,33.7691,-118.2662,Pipeline Natural Gas
400,Haynes Generating Station,CA,33.7639,-118.0942,Pipeline Natural Gas
404,Scattergood Generating Station,CA,33.9175,-118.4258,Pipeline Natural Gas
408,Valley Generating Station,CA,34.2481,-118.3903,Pipeline Natural Gas
422,Glenarm,CA,34.1256,-118.1474,Pipeline Natural Gas
469,Cherokee,CO,39.8078,-104.9648,Pipeline Natural Gas
470,Comanche (470),CO,38.2081,-104.5747,Coal
478,Zuni,CO,39.7369,-105.0169,Pipeline Natural Gas
492,Martin Drake,CO,38.8244,-104.8331,Pipeline Natural Gas
525,Hayden,CO,40.4856,-107.185,Coal
527,Nucla,CO,38.2387,-108.5083,Coal
533,McWilliams,AL,31.4001,-86.4767,Pipeline Natural Gas
540,Branford,CT,41.2925,-72.7942,Other Oil
542,Cos Cob,CT,41.0289,-73.5989,Other Oil
544,Devon,CT,41.2083,-73.1092,Diesel Oil
546,Montville,CT,41.4281,-72.1019,Residual Oil
557,Tunnel,CT,41.5553,-72.0419,Diesel Oil
561,Franklin Drive,CT,41.7994,-73.1156,Other Oil
562,Middletown,CT,41.5544,-72.5793,Residual Oil
563,South Meadow Station,CT,41.7495,-72.6524,Diesel Oil
564,Curtis H. Stanton Energy Center,FL,28.4836,-81.1686,Pipeline Natural Gas
565,Torrington Terminal,CT,41.7761,-73.1219,Other Oil
568,Bridgeport Harbor Station,CT,41.1706,-73.1843,Pipeline Natural Gas
581,Norwich,CT,41.5269,-72.0631,Diesel Oil
589,J C McNeil,VT,44.4917,-73.2081,Wood
591,Christiana Substation,DE,39.7302,-75.5371,Diesel Oil
592,Delaware City,DE,39.5959,-75.6324,Diesel Oil
593,Edge Moor,DE,39.7372,-75.5033,Residual Oil
594,Indian River,DE,38.5857,-75.2341,Coal
597,West Substation,DE,39.7283,-75.6289,Diesel Oil
599,McKee Run,DE,39.1748,-75.5455,Pipeline Natural Gas
602,Brandon Shores,MD,39.1792,-76.5383,Coal
607,Fredonia Generating Station,WA,48.4553,-122.435,Natural Gas
609,Cape Canaveral,FL,28.4694,-80.7642,Pipeline Natural Gas
612,Fort Myers,FL,26.6967,-81.7831,Pipeline Natural Gas
613,Lauderdale,FL,26.0681,-80.1983,Pipeline Natural Gas
617,Port Everglades,FL,26.0856,-80.1253,Pipeline Natural Gas
619,Riviera Beach Energy Center,FL,26.7653,-80.0528,Pipeline Natural Gas
620,Sanford,FL,28.8419,-81.3256,Pipeline Natural Gas
621,Turkey Point,FL,25.4356,-80.3308,Pipeline Natural Gas
628,Crystal River,FL,28.9594,-82.7003,Coal
634,P L Bartow,FL,27.8613,-82.6012,Pipeline Natural Gas
641,Gulf Clean Energy Center,FL,30.5661,-87.2289,Pipeline Natural Gas
643,Lansing Smith Generating Plant,FL,30.2689,-85.7003,Pipeline Natural Gas
645,Big Bend,FL,27.7944,-82.4036,Pipeline Natural Gas
663,Deerhaven,FL,29.7586,-82.3883,Pipeline Natural Gas
664,J R Kelly,FL,29.6467,-82.3219,Pipeline Natural Gas
666,J D Kennedy,FL,30.3644,-81.6236,Pipeline Natural Gas
667,Northside,FL,30.4172,-81.5525,Pipeline Natural Gas
673,Tom G Smith,FL,26.6125,-80.0678,Pipeline Natural Gas
675,Charles Larsen Memorial Power Plant,FL,28.0491,-81.9238,Pipeline Natural Gas
676,C D McIntosh Jr Power Plant,FL,28.0809,-81.9256,Pipeline Natural Gas
683,Indian River (683),FL,28.4933,-80.7825,Pipeline Natural Gas
688,Arvah B Hopkins,FL,30.4522,-84.4,Pipeline Natural Gas
689,S O Purdom,FL,30.1619,-84.2014,Pipeline Natural Gas
703,Bowen,GA,34.1256,-84.9192,Coal
708,Hammond,GA,34.2533,-85.3456,Coal
710,Jack McDonough,GA,33.8244,-84.475,Pipeline Natural Gas
715,McManus,GA,31.2125,-81.5458,Diesel Oil
728,Yates,GA,33.4622,-84.8986,Pipeline Natural Gas
762,Ponca,OK,36.7205,-97.0868,Pipeline Natural Gas
764,Honolulu Generating Station,HI,21.3057,-157.8633,
765,Kahe Generating Station,HI,21.3567,-158.1283,
766,Waiau Generating Station,HI,21.3887,-157.9612,
856,E D Edwards,IL,40.5958,-89.6631,Coal
861,Coffeen,IL,39.0586,-89.4031,Coal
862,"Grand Tower Energy Center, LLC",IL,37.6578,-89.5119,Pipeline Natural Gas
874,Joliet 9,IL,41.4947,-88.125,Pipeline Natural Gas
876,Kincaid Generating Station,IL,39.5906,-89.4964,Coal
879,Powerton,IL,40.5408,-89.6786,Coal
883,Waukegan,IL,42.3833,-87.8133,Diesel Oil
884,Will County,IL,41.6334,-88.0626,Coal
886,Fisk,IL,41.8508,-87.6533,Diesel Oil
887,Joppa Steam,IL,37.2103,-88.8606,Coal
889,Baldwin Energy Complex,IL,38.205,-89.855,Coal
891,Havana,IL,40.2797,-90.0775,Coal
892,Hennepin Power Station,IL,41.3017,-89.3136,Coal
913,Venice,IL,38.6642,-90.1764,Pipeline Natural Gas
963,Dallman,IL,39.7539,-89.6011,Coal
976,Marion,IL,37.6206,-88.955,Pipeline Natural Gas
983,Clifty Creek,IN,38.7383,-85.4192,Coal
990,IPL - Harding Street Station (EW Stout),IN,39.7119,-86.1975,Pipeline Natural Gas
991,IPL - Eagle Valley Generating Station,IN,39.4851,-86.4176,Pipeline Natural Gas
992,C. C. Perry K Steam Plant,IN,39.7622,-86.1667,Pipeline Natural Gas
994,IPL - Petersburg Generating Station,IN,38.5267,-87.2525,Coal
995,Bailly Generating Station,IN,41.6433,-87.1225,Pipeline Natural Gas
997,Michigan City Generating Station,IN,41.7203,-86.9097,Coal
1001,Cayuga,IN,39.9239,-87.4272,Pipeline Natural Gas
1004,Edwardsport Generating Station,IN,38.8067,-87.2472,Coal
1007,Noblesville,IN,40.0969,-85.9714,Pipeline Natural Gas
1008,R Gallagher,IN,38.2636,-85.8381,Coal
1011,Broadway Avenue Generating Station,IN,37.9694,-87.6044,Pipeline Natural Gas
1012,F B Culley Generating Station,IN,37.91,-87.3267,Coal
1016,Butler-Warner Generation Plant,NC,35.0986,-78.8294,Pipeline Natural Gas
1040,Whitewater Valley,IN,39.8028,-84.8953,Coal
1047,Lansing,IA,43.3359,-91.1672,Coal
1068,Marshalltown CTs,IA,42.0474,-92.8594,Pipeline Natural Gas
1073,Prairie Creek,IA,41.9439,-91.6386,Natural Gas
1081,Riverside (1081),IA,41.5404,-90.4483,Pipeline Natural Gas
1082,Walter Scott Jr. Energy Center,IA,41.18,-95.8408,Coal
1091,George Neal North,IA,42.3251,-96.3797,Coal
1104,Burlington (IA),IA,40.7412,-91.1168,Pipeline Natural Gas
1122,Ames,IA,42.0247,-93.6069,Natural Gas
1131,Streeter Station,IA,42.5267,-92.4394,Pipeline Natural Gas
1167,Muscatine,IA,41.3917,-91.0569,Coal
1206,Summit Lake,IA,41.1141,-94.3499,Pipeline Natural Gas
1217,Earl F Wisdom,IA,43.1606,-95.2569,Pipeline Natural Gas
1230,Cimarron River,KS,37.1611,-100.7619,Pipeline Natural Gas
1233,Fort Dodge aka Judson Large,KS,37.7328,-99.9497,Pipeline Natural Gas
1235,Great Bend Station aka Arthur Mullergren,KS,38.41,-98.8689,Pipeline Natural Gas
1239,Riverton,KS,37.0719,-94.6986,Pipeline Natural Gas
1240,Gordon Evans Energy Center,KS,37.7903,-97.5217,Pipeline Natural Gas
1241,La Cygne,KS,38.3472,-94.6389,Coal
1248,Hutchinson Energy Center,KS,38.0906,-97.8747,Diesel Oil
1250,Lawrence Energy Center,KS,39.0072,-95.2692,Coal
1268,Chanute 2,KS,37.6953,-95.4586,Pipeline Natural Gas
1271,Coffeyville,KS,37.0456,-95.6076,Pipeline Natural Gas
1295,Quindaro,KS,39.1486,-94.6405,Diesel Oil
1305,McPherson 2,KS,38.3634,-97.6834,Pipeline Natural Gas
1336,Garden City,KS,37.9703,-100.8956,Pipeline Natural Gas
1353,Big Sandy,KY,38.1707,-82.6176,Natural Gas
1355,E W Brown,KY,37.7889,-84.7139,Pipeline Natural Gas
1356,Ghent,KY,38.7497,-85.035,Coal
1363,Cane Run,KY,38.1828,-85.8894,Pipeline Natural Gas
1364,Mill Creek,KY,38.0531,-85.91,Coal
1366,Paddy's Run,KY,38.2147,-85.8453,Pipeline Natural Gas
1374,Elmer Smith,KY,37.7958,-87.0597,Coal
1378,Paradise,KY,37.2608,-86.9783,Pipeline Natural Gas
1379,Shawnee,KY,37.1517,-88.775,Coal
1381,Coleman,KY,37.9628,-86.7917,Coal
1382,HMP and L Station 2,KY,37.6472,-87.5028,Coal
1383,Robert Reid,KY,37.6467,-87.5033,Other Gas
1384,John S. Cooper,KY,37.0,-84.5917,Coal
1391,Louisiana 1,LA,30.4903,-91.1875,Process Gas
1393,R S Nelson,LA,30.2861,-93.2917,Coal
1396,Coughlin Power Station,LA,30.8442,-92.2606,Pipeline Natural Gas
1400,Teche Power Station,LA,29.8223,-91.5427,Pipeline Natural Gas
1402,Little Gypsy,LA,30.0033,-90.4611,Pipeline Natural Gas
1403,Ninemile Point,LA,29.9472,-90.1458,Pipeline Natural Gas
1404,Sterlington,LA,32.7047,-92.0792,Pipeline Natural Gas
1416,Arsenal Hill Power Plant,LA,32.5181,-93.7611,Pipeline Natural Gas
1417,Lieberman Power Plant,LA,32.7047,-93.9597,Pipeline Natural Gas
1439,Houma,LA,29.5808,-90.7222,Pipeline Natural Gas
1464,Big Cajun 1,LA,30.6736,-91.3525,Pipeline Natural Gas
1507,William F Wyman,ME,43.75,-70.1569,Residual Oil
1552,C P Crane,MD,39.3269,-76.365,Coal
1553,Gould Street,MD,39.2661,-76.6042,Pipeline Natural Gas
1554,Herbert A Wagner,MD,39.1781,-76.5268,Other Oil
1556,Perryman,MD,39.4422,-76.2208,Diesel Oil
1560,Westport,MD,39.2719,-76.6186,Pipeline Natural Gas
1564,Vienna,MD,38.4878,-75.8208,Residual Oil
1571,Chalk Point,MD,38.5444,-76.6861,Pipeline Natural Gas
1572,Dickerson,MD,39.2086,-77.4644,Pipeline Natural Gas
1573,Morgantown,MD,38.3592,-76.9767,Diesel Oil
1586,Framingham Station,MA,42.2672,-71.3983,Diesel Oil
1588,Mystic,MA,42.3917,-71.0667,Pipeline Natural Gas
1592,Medway Station,MA,42.1364,-71.4478,Diesel Oil
1594,Blackstone,MA,42.3636,-71.1161,Pipeline Natural Gas
1595,Kendall Green Energy LLC,MA,42.3633,-71.0792,Diesel Oil
1599,Canal Station,MA,41.7694,-70.5097,Pipeline Natural Gas
1631,Doreen,MA,42.4431,-73.2061,Diesel Oil
1642,West Springfield,MA,42.0956,-72.5958,Pipeline Natural Gas
1643,Woodland Road,MA,42.3362,-73.2352,Diesel Oil
1660,Potter,MA,42.235,-70.9672,Pipeline Natural Gas
1678,Waters River,MA,42.5428,-70.9236,Pipeline Natural Gas
1682,Cleary Flood,MA,41.8653,-71.1061,Pipeline Natural Gas
1702,Dan E Karn,MI,43.6425,-83.8431,Pipeline Natural Gas
1710,J H Campbell,MI,42.9103,-86.2036,Coal
1719,Thetford,MI,43.1568,-83.6285,Pipeline Natural Gas
1728,Delray,MI,42.2947,-83.1019,Pipeline Natural Gas
1730,Hancock Peakers,MI,42.5497,-83.4425,Pipeline Natural Gas
1733,Monroe,MI,41.8917,-83.3461,Coal
1740,River Rouge,MI,42.2733,-83.1131,Process Gas
1743,St. Clair,MI,42.7642,-82.4719,Coal
1745,Trenton Channel,MI,42.1236,-83.1811,Coal
1769,Presque Isle,MI,46.5789,-87.395,Coal
1825,J B Sims,MI,43.0722,-86.2342,Coal
1831,Eckert Station,MI,42.7183,-84.5586,Coal
1832,Erickson,MI,42.6919,-84.6572,Coal
1843,Shiras,MI,46.5314,-87.3917,Coal
1866,Wyandotte,MI,42.2081,-83.1453,Pipeline Natural Gas
1891,Laskin Energy Center,MN,47.5306,-92.1619,Natural Gas
1893,Boswell Energy Center,MN,47.2603,-93.6531,Coal
1897,Hibbard Energy Center,MN,46.7356,-92.1531,Wood
1904,Black Dog,MN,44.8108,-93.2501,Pipeline Natural Gas
1912,High Bridge,MN,44.9331,-93.1075,Pipeline Natural Gas
1913,Inver Hills,MN,44.781,-93.042,Pipeline Natural Gas
1915,Allen S King,MN,45.03,-92.7786,Coal
1927,Riverside (1927),MN,45.0203,-93.2753,Pipeline Natural Gas
1943,Hoot Lake,MN,46.29,-96.0428,Coal
2001,New Ulm,MN,44.3159,-94.4578,Diesel Oil
2038,Cambridge Station,MN,45.601,-93.2081,Pipeline Natural Gas
2039,Elk River,MN,45.2958,-93.5542,Pipeline Natural Gas
2042,Maple Lake Station,MN,45.229,-94.0097,Diesel Oil
2047,Chevron Cogenerating Station,MS,30.34,-88.492,Natural Gas
2048,Sweatt Electric Generating Plant,MS,32.2925,-88.7461,Pipeline Natural Gas
2049,Watson Electric Generating Plant,MS,30.4408,-89.0265,Pipeline Natural Gas
2050,Baxter Wilson,MS,32.2831,-90.9306,Pipeline Natural Gas
2053,Rex Brown,MS,32.3564,-90.2125,Pipeline Natural Gas
2070,Moselle Generation Complex,MS,31.5289,-89.2992,Pipeline Natural Gas
2076,Asbury,MO,37.3596,-94.5913,Coal
2079,Hawthorn,MO,39.1306,-94.4778,Pipeline Natural Gas
2081,Northeast Generating Station,MO,39.1231,-94.5605,Diesel Oil
2082,Fairgrounds,MO,38.5935,-92.2203,Diesel Oil
2092,Ralph Green Station,MO,38.7865,-94.2768,Pipeline Natural Gas
2098,Lake Road,MO,39.7246,-94.8773,Pipeline Natural Gas
2103,Labadie,MO,38.5583,-90.8361,Coal
2104,Meramec,MO,38.4017,-90.3358,Pipeline Natural Gas
2107,Sioux,MO,38.9158,-90.2917,Coal
2122,Chillicothe,MO,39.784,-93.562,Pipeline Natural Gas
2123,Columbia,MO,38.9658,-92.3175,Pipeline Natural Gas
2131,Higginsville Municipal Power Plant,MO,39.0721,-93.721,Pipeline Natural Gas
2132,Blue Valley,MO,39.0919,-94.3261,Pipeline Natural Gas
2161,James River,MO,37.1086,-93.2592,Natural Gas
2167,New Madrid Power Plant,MO,36.5147,-89.5617,Coal
2168,Thomas Hill Energy Center,MO,39.5531,-92.6392,Coal
2176,Glendive Generating Station,MT,47.0539,-104.74,Pipeline Natural Gas
2226,Canaday,NE,40.6941,-99.7005,Pipeline Natural Gas
2240,Lon D Wright Power Plant,NE,41.4275,-96.4619,Coal
2241,C W Burdick,NE,40.9228,-98.3269,Pipeline Natural Gas
2250,J Street,NE,40.8078,-96.7107,Pipeline Natural Gas
2265,Hallam Peaking,NE,40.5587,-96.7862,Pipeline Natural Gas
2266,Hebron Peaking,NE,40.1879,-97.5779,Diesel Oil
2271,McCook Peaking,NE,40.2209,-100.6511,Diesel Oil
2277,Sheldon,NE,40.5589,-96.7842,Coal
2290,Jones Street,NE,41.2517,-95.9235,Diesel Oil
2291,North Omaha Station,NE,41.3297,-95.9458,Coal
2292,Sarpy County Station,NE,41.1706,-95.9692,Pipeline Natural Gas
2322,Clark,NV,36.0875,-115.0507,Pipeline Natural Gas
2330,Fort Churchill,NV,39.1281,-119.1319,Pipeline Natural Gas
2336,Tracy,NV,39.5625,-119.525,Pipeline Natural Gas
2362,Lost Nation,NH,44.5942,-71.4943,Diesel Oil
2364,Merrimack,NH,43.1411,-71.4692,Other Oil
2367,Schiller,NH,43.0978,-70.7842,Other Oil
2369,White Lake,NH,43.8478,-71.2069,Other Oil
2378,B L England,NJ,39.29,-74.6339,Residual Oil
2379,Carlls Corner Energy Center,NJ,39.4547,-75.2011,Pipeline Natural Gas
2390,Sayreville,NJ,40.4753,-74.3552,Pipeline Natural Gas
2393,Gilbert Generating Station,NJ,40.5661,-75.165,Pipeline Natural Gas
2398,Bergen Generating Station,NJ,40.8375,-74.0244,Pipeline Natural Gas
2399,Burlington Generating Station,NJ,40.0753,-74.8781,Pipeline Natural Gas
2401,Essex,NJ,40.7375,-74.1211,Pipeline Natural Gas
2404,Kearny Generating Station,NJ,40.7375,-74.1,Pipeline Natural Gas
2406,Linden Generating Station,NJ,40.6225,-74.2097,Pipeline Natural Gas
2410,Salem Generating Station,NJ,39.4625,-75.5333,Diesel Oil
2411,Sewaren Generating Station,NJ,40.5564,-74.2461,Pipeline Natural Gas
2434,Howard M Down,NJ,39.4889,-75.0347,Natural Gas
2440,"New-Indy Catawba, LLC",SC,34.8456,-80.8942,Residual Oil
2442,Four Corners Steam Elec Station,NM,36.69,-108.4814,Coal
2444,Rio Grande,NM,31.8047,-106.5472,Pipeline Natural Gas
2446,Maddox,NM,32.7142,-103.3015,Pipeline Natural Gas
2450,Reeves Generating Station,NM,35.1716,-106.6019,Pipeline Natural Gas
2451,San Juan,NM,36.8006,-108.4386,Coal
2454,Cunningham,NM,32.7131,-103.3533,Pipeline Natural Gas
2480,Danskammer Generating Station,NY,41.573,-73.9646,Pipeline Natural Gas
2490,Arthur Kill,NY,40.5915,-74.2027,Pipeline Natural Gas
2493,East River,NY,40.7281,-73.9742,Pipeline Natural Gas
2494,Gowanus Generating Station,NY,40.6635,-74.0051,Diesel Oil
2496,Hudson Avenue,NY,40.7052,-73.9807,Other Oil
2499,Narrows Generating Station,NY,40.6486,-74.0209,Pipeline Natural Gas
2500,Ravenswood Generating Station,NY,40.7585,-73.9451,Pipeline Natural Gas
2503,59th Street,NY,40.7711,-73.9911,Other Oil
2504,74th Street,NY,40.768,-73.9515,Other Oil
2511,E F Barrett,NY,40.6169,-73.6486,Pipeline Natural Gas
2512,East Hampton Facility,NY,40.9619,-72.2095,Diesel Oil
2514,Glenwood,NY,40.8269,-73.6479,Diesel Oil
2516,Northport,NY,40.9231,-73.3417,Diesel Oil
2517,Port Jefferson Energy Center,NY,40.9503,-73.0786,Pipeline Natural Gas
2521,West Babylon Facility,NY,40.6953,-73.3497,Diesel Oil
2527,Greenidge Generation LLC,NY,42.6789,-76.9483,Pipeline Natural Gas
2535,"Cayuga Operating Company, LLC",NY,42.6028,-76.6336,Coal
2539,Bethlehem Energy Center (Albany),NY,42.5905,-73.7636,Pipeline Natural Gas
2554,NRG Dunkirk Power,NY,42.49,-79.35,Coal
2594,Oswego Harbor Power,NY,43.46,-76.53,Residual Oil
2625,Bowline Generating Station,NY,41.2044,-73.9689,Pipeline Natural Gas
2628,Hillburn,NY,41.1269,-74.1653,Pipeline Natural Gas
2632,Shoemaker,NY,41.4278,-74.4186,Pipeline Natural Gas
2679,Freeport Power Plant No. 2,NY,40.6447,-73.5683,Diesel Oil
2682,S A Carlson,NY,42.0917,-79.2417,Pipeline Natural Gas
2706,Asheville,NC,35.4714,-82.5431,Pipeline Natural Gas
2707,Blewett,NC,34.9815,-79.8771,Diesel Oil
2709,H F Lee Steam Electric Plant,NC,35.3775,-78.0875,Natural Gas
2712,Roxboro,NC,36.4833,-79.0731,Coal
2713,L V Sutton,NC,34.2824,-77.9864,Natural Gas
2716,W H Weatherspoon,NC,34.5889,-78.975,Diesel Oil
2718,G G Allen,NC,35.1897,-81.0122,Coal
2720,Buck,NC,35.7133,-80.3767,Pipeline Natural Gas
2721,Cliffside,NC,35.22,-81.7594,Coal
2723,Dan River,NC,36.4862,-79.7208,Natural Gas
2727,Marshall,NC,35.5975,-80.9658,Coal
2790,R M Heskett,ND,46.8669,-100.8839,Pipeline Natural Gas
2817,Leland Olds,ND,47.2819,-101.3194,Coal
2823,Milton R Young,ND,47.0664,-101.2139,Coal
2828,Cardinal,OH,40.2522,-80.6486,Diesel Oil
2831,Dicks Creek Power Company LLC,OH,39.465,-84.3775,Pipeline Natural Gas
2832,Miami Fort Power Station,OH,39.1131,-84.8031,Coal
2836,Avon Lake Power Plant,OH,41.5042,-82.05,Diesel Oil
2837,Eastlake,OH,41.6713,-81.4432,Diesel Oil
2840,Conesville,OH,40.1842,-81.8811,Diesel Oil
2847,Frank M Tait Station,OH,39.7281,-84.2103,Pipeline Natural Gas
2848,O H Hutchings,OH,39.6094,-84.2931,Pipeline Natural Gas
2861,Niles,OH,41.1667,-80.75,Diesel Oil
2866,W H Sammis,OH,40.5308,-80.6311,Coal
2869,West Lorain,OH,41.4297,-82.2633,Diesel Oil
2876,Kyger Creek,OH,38.9161,-82.1281,Coal
2878,Bay Shore,OH,41.6925,-83.4375,Petroleum Coke
2880,Richland Peaking Station,OH,41.3033,-84.3386,Pipeline Natural Gas
2917,Hamilton Municipal Power Plant,OH,39.4099,-84.5544,Pipeline Natural Gas
2951,Horseshoe Lake,OK,35.5089,-97.1789,Pipeline Natural Gas
2952,Muskogee,OK,35.7617,-95.2847,Coal
2953,Mustang,OK,35.4711,-97.6733,Pipeline Natural Gas
2956,Seminole (2956),OK,34.9678,-96.7242,Pipeline Natural Gas
2963,Northeastern,OK,36.4317,-95.7008,Coal
2964,Southwestern,OK,35.1009,-98.3524,Pipeline Natural Gas
2965,Tulsa,OK,36.1125,-95.9917,Pipeline Natural Gas
2966,Weleetka,OK,35.3233,-96.1352,Pipeline Natural Gas
3006,Anadarko,OK,35.0847,-98.23,Pipeline Natural Gas
3008,Mooreland,OK,36.4375,-99.2208,Pipeline Natural Gas
3096,Brunot Island Power Station,PA,40.4638,-80.044,Pipeline Natural Gas
3111,Mountain,PA,40.1219,-77.1761,Diesel Oil
3113,Portland,PA,40.91,-75.0789,Pipeline Natural Gas
3116,Tolna,PA,39.7636,-76.6345,Diesel Oil
3118,Conemaugh,PA,40.3842,-79.0611,Coal
3122,Homer City,PA,40.511,-79.1968,Coal
3130,Seward,PA,40.4081,-79.0339,Coal Refuse
3131,Shawville,PA,41.067,-78.3656,Pipeline Natural Gas
3132,Warren,PA,41.8358,-79.19,Pipeline Natural Gas
3136,Keystone,PA,40.6604,-79.3411,Coal
3138,New Castle,PA,40.9378,-80.3681,Pipeline Natural Gas
3140,"Brunner Island, LLC",PA,40.097,-76.6962,Coal
3148,"Martins Creek, LLC",PA,40.796,-75.107,Natural Gas
3149,"Montour, LLC",PA,41.0714,-76.6672,Natural Gas
3161,Eddystone Generating Station,PA,39.858,-75.323,Pipeline Natural Gas
3168,Richmond,PA,39.9853,-75.0733,Diesel Oil
3176,Hunlock Creek Generating LLC,PA,41.2033,-76.0683,Pipeline Natural Gas
3236,Manchester Street Station,RI,41.8167,-71.4042,Pipeline Natural Gas
3250,Darlington County,SC,34.4185,-80.1657,Pipeline Natural Gas
3264,W S Lee,SC,34.6022,-82.435,Pipeline Natural Gas
3285,Hagood,SC,32.8265,-79.9634,Pipeline Natural Gas
3287,McMeekin,SC,34.0533,-81.2178,Pipeline Natural Gas
3291,Parr Combustion Turbine Facility,SC,34.2644,-81.33,Pipeline Natural Gas
3295,Urquhart,SC,33.435,-81.9111,Pipeline Natural Gas
3297,Wateree,SC,33.8264,-80.6218,Coal
3298,Williams,SC,33.0163,-79.9285,Coal
3318,Hilton Head Gas Turbine Site,SC,32.2089,-80.6994,Diesel Oil
3320,Myrtle Beach Gas Turbine Site,SC,33.7089,-78.9233,Diesel Oil
3338,Aberdeen Generating Station,SD,45.4287,-98.4932,Pipeline Natural Gas
3344,Huron,SD,44.3696,-98.17,Pipeline Natural Gas
3393,Allen,TN,35.0742,-90.1439,Pipeline Natural Gas
3396,Bull Run,TN,36.0211,-84.1567,Coal
3399,Cumberland,TN,36.3903,-87.6539,Diesel Oil
3403,Gallatin,TN,36.3156,-86.4006,Pipeline Natural Gas
3405,John Sevier,TN,36.3767,-82.9639,Pipeline Natural Gas
3406,Johnsonville,TN,36.0278,-87.9861,Pipeline Natural Gas
3407,Kingston,TN,35.8992,-84.5194,Coal
3439,Laredo,TX,27.5667,-99.5083,Pipeline Natural Gas
3441,Nueces Bay,TX,27.8182,-97.4189,Pipeline Natural Gas
3443,Victoria Power Station,TX,28.7883,-97.01,Pipeline Natural Gas
3452,Lake Hubbard,TX,32.8364,-96.5464,Pipeline Natural Gas
3453,Mountain Creek Generating Station,TX,32.7253,-96.9361,Pipeline Natural Gas
3456,Newman Power Station,TX,31.9858,-106.4322,Pipeline Natural Gas
3457,Lewis Creek,TX,30.4364,-95.5215,Pipeline Natural Gas
3459,Sabine,TX,30.0242,-93.875,Pipeline Natural Gas
3460,Cedar Bayou,TX,29.7483,-94.9272,Pipeline Natural Gas
3464,Greens Bayou,TX,29.8208,-95.2194,Pipeline Natural Gas
3468,Sam Bertron,TX,29.7268,-95.06,Pipeline Natural Gas
3469,T H Wharton,TX,29.9414,-95.5333,Pipeline Natural Gas
3470,W A Parish,TX,29.4783,-95.6358,Coal
3476,Knox Lee Power Plant,TX,32.3766,-94.6415,Pipeline Natural Gas
3477,Lone Star Power Plant,TX,32.9217,-94.7158,Pipeline Natural Gas
3478,Wilkes Power Plant,TX,32.8486,-94.5469,Pipeline Natural Gas
3482,Jones Station,TX,33.5239,-101.7392,Pipeline Natural Gas
3484,Nichols Station,TX,35.2825,-101.7458,Pipeline Natural Gas
3485,Plant X,TX,34.1661,-102.4114,Pipeline Natural Gas
3490,Graham,TX,33.135,-98.6117,Pipeline Natural Gas
3491,Handley Generating Station,TX,32.7278,-97.2186,Pipeline Natural Gas
3492,Morgan Creek,TX,32.3358,-100.9158,Pipeline Natural Gas
3494,Permian Basin,TX,31.5839,-102.9636,Pipeline Natural Gas
3504,Stryker Creek,TX,31.9381,-94.9883,Pipeline Natural Gas
3507,Trinidad,TX,32.1264,-96.1014,Pipeline Natural Gas
3548,Decker Creek,TX,30.3036,-97.6128,Pipeline Natural Gas
3559,Silas Ray,TX,25.9131,-97.5214,Pipeline Natural Gas
3576,Ray Olinger,TX,33.0667,-96.4519,Pipeline Natural Gas
3601,Sim Gideon,TX,30.1456,-97.2708,Pipeline Natural Gas
3604,J Robert Massengale Generating Station,TX,33.6039,-101.8408,Pipeline Natural Gas
3609,Leon Creek,TX,29.3511,-98.5753,Pipeline Natural Gas
3611,O W Sommers,TX,29.3078,-98.3244,Pipeline Natural Gas
3612,V H Braunig,TX,29.2575,-98.3828,Pipeline Natural Gas
3628,R W Miller,TX,32.6581,-98.3103,Pipeline Natural Gas
3631,Sam Rayburn Plant,TX,28.8947,-97.1347,Pipeline Natural Gas
3648,Gadsby,UT,40.7686,-111.9289,Pipeline Natural Gas
3734,Berlin 5,VT,44.2498,-72.6035,Diesel Oil
3754,Penny Lane Gas Turbine,VT,44.4817,-73.2241,Diesel Oil
3775,Clinch River,VA,36.9333,-82.1997,Natural Gas
3785,Tasley Energy Center,VA,37.7061,-75.7031,Diesel Oil
3796,Bremo Power Station,VA,37.7089,-78.2878,Pipeline Natural Gas
3797,Chesterfield Power Station,VA,37.3822,-77.3833,Pipeline Natural Gas
3804,Possum Point Power Station,VA,38.5367,-77.2806,Pipeline Natural Gas
3809,Yorktown Power Station,VA,37.2144,-76.4611,Residual Oil
3845,Centralia,WA,46.7559,-122.8578,Coal
3935,John E Amos,WV,38.4731,-81.8233,Diesel Oil
3943,Fort Martin Power Station,WV,39.7107,-79.9275,Coal
3944,Harrison Power Station,WV,39.3844,-80.3325,Coal
3946,Willow Island Power Station,WV,39.3672,-81.3006,Coal
3948,Mitchell (WV),WV,39.8297,-80.8153,Diesel Oil
3954,Mount Storm Power Station,WV,39.2014,-79.2667,Coal
3982,Bay Front,WI,46.5869,-90.9017,Wood
3991,Fitchburg Generating Station,WI,43.0149,-89.4603,Pipeline Natural Gas
3992,Blount Street,WI,43.0792,-89.3739,Natural Gas
4005,French Island,WI,43.8298,-91.26,Diesel Oil
4014,Wheaton Generating Plant,WI,44.8864,-91.5158,Pipeline Natural Gas
4040,Port Washington Generating Station,WI,43.3842,-87.8689,Pipeline Natural Gas
4041,South Oak Creek,WI,42.8457,-87.8294,Coal
4042,Valley (WEPCO),WI,43.0303,-87.9233,Pipeline Natural Gas
4050,Edgewater (4050),WI,43.715,-87.7094,Coal
4057,Rock River,WI,42.5831,-89.0292,Pipeline Natural Gas
4059,Sheepskin,WI,42.8347,-89.1108,Natural Gas
4072,Pulliam,WI,44.5397,-88.0083,Pipeline Natural Gas
4076,West Marinette,WI,45.0869,-87.6881,Pipeline Natural Gas
4078,Weston,WI,44.8606,-89.6553,Coal
4125,Manitowoc,WI,44.082,-87.6558,Petroleum Coke
4143,Genoa,WI,43.5592,-91.2333,Coal
4158,Dave Johnston,WY,42.8378,-105.7769,Coal
4162,Naughton,WY,41.7572,-110.5986,Pipeline Natural Gas
4195,Power Lane Steam Plant,TX,33.1707,-96.1264,Pipeline Natural Gas
4266,Spencer,TX,33.1978,-97.1067,Pipeline Natural Gas
4271,J P Madgett,WI,44.3026,-91.9126,Coal
4937,T C Ferguson Power Plant,TX,30.558,-98.3705,Pipeline Natural Gas
4939,Barney M. Davis,TX,27.6067,-97.3119,Pipeline Natural Gas
4940,Riverside (4940),OK,35.9978,-95.9567,Pipeline Natural Gas
4941,Navajo Generating Station,AZ,36.9047,-111.3886,Coal
5083,Cumberland Energy Center,NJ,39.3757,-74.9654,Pipeline Natural Gas
6002,James H Miller Jr,AL,33.6319,-87.0597,Coal
6004,Pleasants Power Station,WV,39.3668,-81.2944,Coal
6009,White Bluff,AR,34.4236,-92.1392,Coal
6013,Olive,CA,34.1775,-118.3147,Pipeline Natural Gas
6016,Duck Creek,IL,40.4663,-89.9841,Coal
6017,Newton,IL,38.9361,-88.2778,Coal
6018,East Bend,KY,38.9031,-84.8511,Coal
6019,W H Zimmer Generating Station,OH,38.8689,-84.2286,Pipeline Natural Gas
6021,Craig,CO,40.4627,-107.5912,Coal
6030,Coal Creek,ND,47.3761,-101.1567,Coal
6034,Belle River,MI,42.7748,-82.4945,Pipeline Natural Gas
6035,Greenwood,MI,43.1056,-82.6964,Pipeline Natural Gas
6041,H L Spurlock,KY,38.7,-83.8175,Coal
6042,Manatee,FL,27.6058,-82.3456,Pipeline Natural Gas
6043,Martin,FL,27.0536,-80.5628,Pipeline Natural Gas
6046,Debary,FL,28.9047,-81.3319,Pipeline Natural Gas
6052,Wansley (6052),GA,33.4124,-85.0345,Diesel Oil
6055,Big Cajun 2,LA,30.7261,-91.3669,Coal
6058,Cascade Creek,MN,44.0322,-92.4908,Pipeline Natural Gas
6061,R D Morrow Senior Generating Plant,MS,31.2194,-89.3933,Pipeline Natural Gas
6063,Electrifarm,IA,42.4407,-92.4205,Pipeline Natural Gas
6064,Nearman Creek,KS,39.1714,-94.6958,Coal
6065,Iatan,MO,39.4472,-94.98,Coal
6068,Jeffrey Energy Center,KS,39.2825,-96.1153,Coal
6071,Trimble County,KY,38.5847,-85.4117,Pipeline Natural Gas
6073,Daniel Electric Generating Plant,MS,30.5335,-88.5574,Pipeline Natural Gas
6074,Greenwood Energy Center,MO,38.8615,-94.2982,Pipeline Natural Gas
6076,Colstrip,MT,45.8831,-106.614,Coal
6077,Gerald Gentleman Station,NE,41.0808,-101.1408,Coal
6081,Stony Brook Energy Center,MA,42.1977,-72.5103,Diesel Oil
6082,Somerset Operating Company  (Kintigh),NY,43.3561,-78.6039,Coal
6085,R M Schahfer Generating Station,IN,41.2175,-87.0239,Coal
6089,Lewis & Clark,MT,47.6788,-104.1569,Coal
6090,Sherburne County,MN,45.3792,-93.8958,Coal
6094,Bruce Mansfield,PA,40.6344,-80.42,Coal
6095,Sooner,OK,36.4537,-97.0527,Coal
6096,Nebraska City Station,NE,40.6215,-95.7765,Coal
6098,Big Stone,SD,45.3047,-96.5103,Coal
6101,Wyodak,WY,44.2886,-105.3847,Coal
6106,Boardman,OR,45.6933,-119.8056,Coal
6112,Fort St. Vrain,CO,40.2461,-104.8742,Pipeline Natural Gas
6113,Gibson,IN,38.3722,-87.7661,Coal
6124,McIntosh (6124),GA,32.3558,-81.1683,Pipeline Natural Gas
6136,Gibbons Creek Steam Electric Station,TX,30.6167,-96.0778,Coal
6137,A B Brown Generating Station,IN,37.9053,-87.715,Pipeline Natural Gas
6138,Flint Creek Power Plant,AR,36.2561,-94.5241,Coal
6139,Welsh Power Plant,TX,33.0583,-94.844,Coal
6146,Martin Lake,TX,32.2597,-94.5703,Coal
6155,Rush Island,MO,38.1306,-90.2625,Coal
6156,New Haven Harbor,CT,41.2836,-72.9042,Diesel Oil
6165,Hunter,UT,39.1747,-111.0289,Coal
6166,Rockport,IN,37.9256,-87.0372,Coal
6177,Coronado Generating Station,AZ,34.5778,-109.2717,Coal
6178,Coleto Creek,TX,28.7128,-97.2142,Coal
6179,Sam Seymour,TX,29.9172,-96.7506,Coal
6180,Oak Grove,TX,31.185,-96.4853,Coal
6181,J T Deely,TX,29.3072,-98.3228,Coal
6183,San Miguel,TX,28.7044,-98.4781,Coal
6190,Brame Energy Center,LA,31.395,-92.7167,Petroleum Coke
6193,Harrington Station,TX,35.2972,-101.7475,"Coal, Pipeline Natural Gas"
6194,Tolk Station,TX,34.1847,-102.5686,Coal
6195,John Twitty Energy Center,MO,37.1519,-93.3892,Pipeline Natural Gas
6204,Laramie River,WY,42.1103,-104.8828,Coal
6213,Merom,IN,39.0694,-87.5108,Coal
6223,Empire District Elec Co Energy Ctr,MO,37.1385,-94.1041,Pipeline Natural Gas
6243,Roland C. Dansby Power Plant,TX,30.7217,-96.4599,Pipeline Natural Gas
6248,Pawnee,CO,40.2217,-103.6803,"Coal, Natural Gas"
6249,Winyah,SC,33.3303,-79.3611,Coal
6250,Mayo,NC,36.5278,-78.8917,Coal
6253,Germantown Power Plant,WI,43.1952,-88.1496,Diesel Oil
6254,Ottumwa,IA,41.0961,-92.5556,Coal
6257,Scherer,GA,33.0583,-83.8072,Coal
6258,Allen B Wilson Combustion Turbine Plant,GA,33.138,-81.748,Diesel Oil
6264,Mountaineer (1301),WV,38.9794,-81.9344,Diesel Oil
6288,Healy Power Plant,AK,63.8542,-148.95,Coal
6358,Hutchinson - Plant 2,MN,44.8889,-94.35,Pipeline Natural Gas
6373,Rokeby,NE,40.7316,-96.7364,Pipeline Natural Gas
6463,Dayton Avenue Substation,IA,42.0269,-93.5828,Diesel Oil
6469,Antelope Valley,ND,47.3714,-101.8344,Coal
6481,Intermountain,UT,39.5035,-112.5811,Pipeline Natural Gas
6584,Stock Island,FL,24.5636,-81.7342,Diesel Oil
6635,Alfred L Pierce Generating Station,CT,41.4485,-72.834,Pipeline Natural Gas
6639,R D Green,KY,37.6467,-87.5006,Pipeline Natural Gas
6641,Independence,AR,35.6733,-91.4083,Coal
6650,Mexico,MO,39.1481,-91.8306,Diesel Oil
6651,Moberly,MO,39.4244,-92.4837,Diesel Oil
6652,Moreau,MO,38.5553,-92.102,Diesel Oil
6664,Louisa,IA,41.3153,-91.0936,Coal
6705,Alcoa Allowance Management Inc,IN,37.915,-87.3328,Coal
6741,Rock Lake Station,MN,45.8054,-92.9718,Diesel Oil
6761,Rawhide Energy Station,CO,40.8611,-105.0206,Pipeline Natural Gas
6768,Sikeston,MO,36.8791,-89.6209,Coal
6772,Hugo,OK,34.0158,-95.3206,Coal
6776,West Station,NJ,39.4903,-75.0486,Diesel Oil
6823,D B Wilson,KY,37.4497,-87.0803,Coal
6824,St. Bonifacius Station,MN,44.905,-93.821,Diesel Oil
7013,East 12th Street,KS,37.2376,-96.9619,Pipeline Natural Gas
7030,Twin Oaks,TX,31.0932,-96.6965,Coal
7032,Gravel Neck Combustion Turbine,VA,37.1575,-76.6911,Pipeline Natural Gas
7063,McIntosh (7063),AL,31.2546,-88.0299,Pipeline Natural Gas
7082,Harry Allen,NV,36.425,-114.9,Pipeline Natural Gas
7097,J K Spruce,TX,29.3091,-98.3205,Coal
7138,Forked River Power,NJ,39.8154,-74.2098,Diesel Oil
7145,Pleasant Hill Energy Center,IA,41.5572,-93.5242,Pipeline Natural Gas
7146,Wading River Facility,NY,40.9569,-72.8774,Diesel Oil
7153,Hay Road,DE,39.7436,-75.5072,Pipeline Natural Gas
7155,Lime Creek,IA,43.2481,-93.2046,Diesel Oil
7158,Woodsdale,OH,39.4492,-84.4611,Pipeline Natural Gas
7159,Concord,WI,43.1669,-88.69,Pipeline Natural Gas
7203,South Fond Du Lac,WI,43.7353,-88.4968,Pipeline Natural Gas
7210,Cope Station,SC,33.3642,-81.03,Pipeline Natural Gas
7212,Darbytown Combustion Turbine,VA,37.4978,-77.368,Pipeline Natural Gas
7213,Clover Power Station,VA,36.8692,-78.7046,Coal
7237,Angus Anson,SD,43.6033,-96.6369,Pipeline Natural Gas
7238,Cane Island,FL,28.2764,-81.533,Pipeline Natural Gas
7242,Polk,FL,27.7286,-81.9897,Pipeline Natural Gas
7254,Reedy Creek Central Energy Plant,FL,28.4272,-81.5803,Pipeline Natural Gas
7258,48th Street Peaking Station,MI,42.7553,-86.0853,Pipeline Natural Gas
7266,Woodland Generation Station,CA,37.6528,-121.0172,Pipeline Natural Gas
7270,Paris,WI,42.6658,-88.0131,Pipeline Natural Gas
7277,Lincoln Combustion Turbine,NC,35.4317,-81.0347,Diesel Oil
7288,Sherman Avenue,NJ,39.451,-75.0578,Pipeline Natural Gas
7296,State Line (MO),MO,37.0659,-94.614,Pipeline Natural Gas
7302,Hines Energy Complex,FL,27.7886,-81.8694,Pipeline Natural Gas
7307,Redding Power Plant,CA,40.5083,-122.4253,Pipeline Natural Gas
7314,Richard M Flynn (Holtsville),NY,40.8153,-73.0644,Pipeline Natural Gas
7315,Almond Power Plant,CA,37.5739,-120.9854,Pipeline Natural Gas
7318,Van Sant,DE,39.15,-75.5466,Pipeline Natural Gas
7325,San Jacinto Steam Electric Station,TX,29.6967,-95.0411,Pipeline Natural Gas
7335,Richmond (IN),IN,39.8383,-84.9665,Pipeline Natural Gas
7336,Anderson,IN,40.0529,-85.7389,Pipeline Natural Gas
7343,George Neal South,IA,42.3022,-96.3622,Coal
7345,University of Florida,FL,29.6397,-82.3486,Pipeline Natural Gas
7348,Robins,GA,32.5806,-83.5831,Pipeline Natural Gas
7350,Coyote Springs,OR,45.8486,-119.6744,Pipeline Natural Gas
7380,Midulla Generating Station,FL,27.6417,-81.9625,Pipeline Natural Gas
7425,Interstate,IL,39.8233,-89.5888,Pipeline Natural Gas
7449,NCPA Combustion Turbine Project #2,CA,38.088,-121.3871,Pipeline Natural Gas
7456,Rathdrum Combustion Turbine Project,ID,47.8034,-116.869,Pipeline Natural Gas
7504,Neil Simpson II,WY,44.2853,-105.3841,Pipeline Natural Gas
7515,McPherson Municipal Power Plant #3,KS,38.3864,-97.61,Pipeline Natural Gas
7527,Carson Power Plant,CA,38.4461,-121.4614,Natural Gas
7551,Procter and Gamble Power Plant,CA,38.5306,-121.399,Pipeline Natural Gas
7552,Campbell Power Plant,CA,38.511,-121.4735,Pipeline Natural Gas
7604,St. Francis Power Plant,MO,36.5852,-90.1779,Pipeline Natural Gas
7605,River Road,WA,45.65,-122.7231,Natural Gas
7693,Anaheim Combustion Turbine,CA,33.8539,-117.8561,Pipeline Natural Gas
7697,Washington County Cogen (Olin),AL,31.2642,-88.0027,Pipeline Natural Gas
7698,SABIC Innovative Plastics - Burkville,AL,32.3102,-86.5242,Pipeline Natural Gas
7699,Tiger Bay,FL,27.7447,-81.85,Pipeline Natural Gas
7701,Fairless Hills Generating Station,PA,40.1405,-74.7506,Other Gas
7710,Plant H. Allen Franklin,AL,32.6094,-85.0961,Pipeline Natural Gas
7721,Theodore Cogeneration,AL,30.5248,-88.1289,Pipeline Natural Gas
7737,"WestRock Charleston Kraft, LLC",SC,32.8994,-79.9694,Natural Gas
7749,Essex Power Plant,MO,36.8678,-89.8397,Pipeline Natural Gas
7754,Nodaway Power Plant,MO,40.2877,-94.7913,Pipeline Natural Gas
7757,Chouteau Power Plant,OK,36.2206,-95.2756,Pipeline Natural Gas
7759,Georgetown Substation,IN,39.9022,-86.2439,Pipeline Natural Gas
7760,Tilton Power Station,IL,40.1063,-87.6539,Pipeline Natural Gas
7762,Calpine Hidalgo Energy Center,TX,26.3389,-98.1708,Pipeline Natural Gas
7763,Henry County Generating Station,IN,39.9528,-85.5039,Pipeline Natural Gas
7764,MPC Generating,GA,33.8122,-83.6954,Pipeline Natural Gas
7765,Dahlberg (Jackson County),GA,34.0386,-83.3972,Pipeline Natural Gas
7768,Sowega Power Project,GA,31.3869,-84.0814,Pipeline Natural Gas
7782,Omega JV2 Hamilton,OH,39.3528,-84.5183,Pipeline Natural Gas
7783,Omega JV2 Bowling Green,OH,41.3883,-83.6406,Pipeline Natural Gas
7790,Bonanza,UT,40.0864,-109.2844,Coal
7805,Richmond County Plant,NC,34.8422,-79.7444,Natural Gas
7813,Sewell Creek Energy,GA,33.9486,-85.2769,Pipeline Natural Gas
7818,Alsey Station,IL,39.5697,-90.4362,Pipeline Natural Gas
7825,Fulton,AR,33.6094,-93.7924,Pipeline Natural Gas
7826,Plant Rowan County,NC,35.7325,-80.6019,Pipeline Natural Gas
7829,Smarr Energy Facility,GA,32.9856,-83.8464,Pipeline Natural Gas
7834,John S. Rainey Generating Station,SC,34.3477,-82.776,Pipeline Natural Gas
7835,Rock Springs Generating Facility,MD,39.7183,-76.1606,Pipeline Natural Gas
7836,Marsh Run Generation Facility,VA,38.5283,-77.7681,Pipeline Natural Gas
7837,Louisa Generation Facility,VA,38.1181,-78.2139,Pipeline Natural Gas
7838,Remington Combustion Turbine Station,VA,38.5447,-77.7707,Pipeline Natural Gas
7839,Ladysmith Combustion Turbine Sta,VA,38.0725,-77.5141,Pipeline Natural Gas
7842,Freedom Power Project,IL,39.1025,-88.8589,Pipeline Natural Gas
7843,Pleasant Valley Station,MN,43.7997,-92.6819,Pipeline Natural Gas
7844,Minnesota River Station,MN,44.795,-93.5808,Pipeline Natural Gas
7845,Lagoon Creek,TN,35.6578,-89.3964,Pipeline Natural Gas
7846,Brandy Branch,FL,30.3206,-81.9486,Pipeline Natural Gas
7848,Holden Power Plant,MO,38.7538,-93.9983,Pipeline Natural Gas
7858,MEPI GT Facility,IL,37.2175,-88.8658,Pipeline Natural Gas
7863,Elk Mound Generating Station,WI,44.9019,-91.5678,Pipeline Natural Gas
7869,Glenwood Landing Energy Center,NY,40.8275,-73.6478,Pipeline Natural Gas
7870,Encogen Generating Station,WA,48.746,-122.486,Natural Gas
7872,Robert P Mone,OH,40.9297,-84.7392,Pipeline Natural Gas
7873,Bayside Power Station,FL,27.9072,-82.4231,Pipeline Natural Gas
7887,Terry Bundy Generating Station,NE,40.9108,-96.6147,Pipeline Natural Gas
7897,E B Harris Generating Plant,AL,32.3814,-86.5736,Pipeline Natural Gas
7900,Sand Hill Energy Center,TX,30.2091,-97.6139,Pipeline Natural Gas
7902,H W Pirkey Power Plant,TX,32.4607,-94.4852,Coal
7903,McCartney Generating Station,MO,37.2479,-93.1709,Pipeline Natural Gas
7909,Vernon Boulevard,NY,40.7539,-73.9506,Pipeline Natural Gas
7910,23rd and 3rd,NY,40.663,-74.0,Pipeline Natural Gas
7912,Brentwood,NY,40.787,-73.2933,Pipeline Natural Gas
7913,Hell Gate,NY,40.7988,-73.9093,Pipeline Natural Gas
7914,Harlem River Yard,NY,40.7989,-73.9147,Pipeline Natural Gas
7915,North 1st,NY,40.7168,-73.9665,Pipeline Natural Gas
7916,Talbot Energy Facility,GA,32.5892,-84.6917,Pipeline Natural Gas
7917,Chattahoochee Energy Facility,GA,33.407,-85.0387,Pipeline Natural Gas
7925,Lakefield Junction Generating,MN,43.7984,-94.8415,Pipeline Natural Gas
7928,Osawatomie Generating Station,KS,38.5325,-94.9042,Pipeline Natural Gas
7929,West Gardner Generating Station,KS,38.7878,-94.985,Pipeline Natural Gas
7946,Wansley (7946),GA,33.4082,-85.0399,Pipeline Natural Gas
7947,Solway Plant,MN,47.5444,-95.1297,Pipeline Natural Gas
7948,Hoosier Energy Lawrence Co Station,IN,38.8003,-86.4511,Pipeline Natural Gas
7953,Evander Andrews Power Complex,ID,43.1794,-115.7328,Pipeline Natural Gas
7960,Kemper County,MS,32.7976,-88.6057,Pipeline Natural Gas
7962,Warren F. Sam Beasley Pwr Station,DE,39.2798,-75.6246,Pipeline Natural Gas
7964,Peno Creek Energy Center,MO,39.3531,-91.2295,Pipeline Natural Gas
7967,Lordsburg Generating Station,NM,32.3494,-108.6975,Pipeline Natural Gas
7972,Sumpter Plant,MI,42.167,-83.5318,Pipeline Natural Gas
7975,Pyramid Generating Station,NM,32.2363,-108.5494,Pipeline Natural Gas
7981,Mill Creek Combustion Turbine Station,SC,35.1597,-81.4306,Natural Gas
7984,Kalkaska CT Project #1,MI,44.6889,-85.2019,Pipeline Natural Gas
7985,Greater Des Moines Energy Center,IA,41.5563,-93.5283,Pipeline Natural Gas
7987,Lake,CA,34.1775,-118.3147,Pipeline Natural Gas
7988,Silver Creek Generating Plant,MS,31.6004,-89.9468,Pipeline Natural Gas
7989,Sylvarena Generating Plant,MS,31.9842,-89.4131,Pipeline Natural Gas
7991,West Campus Cogeneration Facility,WI,43.0751,-89.4251,Natural Gas
7999,Grays Harbor Energy Center,WA,46.9688,-123.48,Natural Gas
8000,Beatrice,NE,40.3286,-96.8067,Pipeline Natural Gas
8002,Newington,NH,43.0974,-70.7834,Residual Oil
8006,Roseton Generating LLC,NY,41.5711,-73.9747,Pipeline Natural Gas
8007,Holtsville Facility,NY,40.8153,-73.0664,Diesel Oil
8008,Mickleton Energy Center,NJ,39.8139,-75.2508,Pipeline Natural Gas
8012,Croydon Generating Station,PA,40.08,-74.8917,Diesel Oil
8016,Factory Gas Turbine,IL,39.8266,-89.6368,Diesel Oil
8023,Columbia,WI,43.4864,-89.4203,Coal
8027,Blue Lake Generating Plant,MN,44.7855,-93.4315,Pipeline Natural Gas
8029,Sycamore Combustion Turbine,IA,41.6722,-93.6769,Pipeline Natural Gas
8031,Emery Station,IA,43.094,-93.2922,Pipeline Natural Gas
8037,Clifton Station,KS,39.6125,-97.2778,Pipeline Natural Gas
8042,Belews Creek,NC,36.2811,-80.0603,Coal
8048,Anclote,FL,28.1844,-82.7887,Pipeline Natural Gas
8049,Intercession City,FL,28.2628,-81.5486,Pipeline Natural Gas
8053,Pouch Terminal,NY,40.6188,-74.069,Pipeline Natural Gas
8054,Gerald Andrus,MS,33.3503,-91.1181,Pipeline Natural Gas
8056,Waterford 1 & 2,LA,29.9994,-90.4758,Diesel Oil
8059,Comanche (8059),OK,34.5431,-98.3244,Pipeline Natural Gas
8063,Decordova,TX,32.4033,-97.6986,Pipeline Natural Gas
8066,Jim Bridger,WY,41.7378,-108.7875,Coal
8068,Santan,AZ,33.3333,-111.751,Pipeline Natural Gas
8069,Huntington,UT,39.3792,-111.0781,Coal
8102,Gen J M Gavin,OH,38.9347,-82.1158,Diesel Oil
8219,Ray D Nixon,CO,38.6306,-104.7056,Pipeline Natural Gas
8222,Coyote,ND,47.2217,-101.8139,Coal
8223,Springerville Generating Station,AZ,34.3186,-109.1636,Coal
8224,North Valmy,NV,40.8831,-117.1542,Coal
8226,Cheswick,PA,40.5383,-79.7906,Coal
8906,Astoria Generating Station,NY,40.7869,-73.9122,Pipeline Natural Gas
10017,RockTenn West Point Mill,VA,37.5392,-76.8053,Coal
10025,"RED-Rochester, LLC-Eastman Business Park",NY,43.1969,-77.6289,Natural Gas
10029,General Electric Aircraft,MA,42.45,-70.9739,Pipeline Natural Gas
10030,Energy Center Dover LLC,DE,39.1467,-75.5461,Pipeline Natural Gas
10034,"Calpine Gilroy Cogen, LP",CA,37.0001,-121.5367,Pipeline Natural Gas
10043,Logan Generating Plant,NJ,39.7914,-75.4081,Coal
10071,Virginia Renewable Power-Portsmouth LLC,VA,36.8703,-76.3519,Coal
10075,Taconite Harbor Energy Center,MN,47.5314,-90.9111,Coal
10099,Pedricktown Cogeneration Plant,NJ,39.7661,-75.4242,Pipeline Natural Gas
10113,Gilberton Power Company,PA,40.79,-76.1984,Coal Refuse
10143,Colver Green Energy,PA,40.55,-78.8,Coal Refuse
10151,Grant Town Power Plant,WV,39.5611,-80.1642,Coal Refuse
10156,"Fresno Cogeneration Partners, LP",CA,36.6183,-120.1,Pipeline Natural Gas
10169,Carson Cogeneration Company,CA,33.8759,-118.2491,Pipeline Natural Gas
10176,MBTA South Boston Power Facility,MA,42.3414,-71.0311,Other Oil
10190,"Castleton Power, LLC",NY,42.5375,-73.7433,Pipeline Natural Gas
10244,Pixelle Specialty Solutions LLC,OH,39.3265,-82.9744,Natural Gas
10252,"Domtar Paper Co., LLC - Kingsport Mill",TN,36.5489,-82.5667,Pipeline Natural Gas
10294,King City Power Plant,CA,36.225,-121.1278,Pipeline Natural Gas
10298,Air Liquide Bayport Complex,TX,29.6225,-95.0458,Pipeline Natural Gas
10307,Bellingham,MA,42.0925,-71.4833,Pipeline Natural Gas
10308,Sayreville Power LP,NJ,40.439,-74.3444,Pipeline Natural Gas
10328,T B Simon Power Plant,MI,42.7178,-84.4836,Natural Gas
10343,Mt. Carmel Cogeneration,PA,40.8092,-76.4539,Coal Refuse
10349,Yuba City Energy Center,CA,39.1365,-121.6397,Pipeline Natural Gas
10350,Greenleaf One,CA,39.0536,-121.6942,Pipeline Natural Gas
10377,City Point Energy Center,VA,37.2939,-77.2697,Coal
10378,CPI USA North Carolina Southport,NC,33.9444,-78.0125,Wood
10379,CPI USA North Carolina Roxboro,NC,36.435,-78.9619,Wood
10382,NC Renewable Power - Lumberton LLC,NC,34.59,-78.9968,Wood
10384,"Edgecombe Genco, LLC",NC,36.0378,-77.7542,Coal
10398,Cleveland-Cliffs Cleveland Works LLC,OH,41.4739,-81.6728,Process Gas
10405,Kingsburg Cogen Facility,CA,36.547,-119.578,Pipeline Natural Gas
10464,"Black River Generation, LLC",NY,44.0361,-75.7712,Wood
10474,ArcelorMittal USA - Indiana Harbor East,IN,41.68,-87.4264,Process Gas
10525,Craven County Wood Energy,NC,35.1285,-77.17,Wood
10566,Carneys Point,NJ,39.6928,-75.4867,Coal
10567,"Ahlstrom Power Windsor Locks, LLC",CT,41.9227,-72.6255,Pipeline Natural Gas
10603,Ebensburg Power Company,PA,40.455,-78.7472,Coal
10617,"Beaver Falls, LLC",NY,43.8861,-75.4342,Pipeline Natural Gas
10619,Allegany Station No. 133,NY,42.5083,-78.0661,Pipeline Natural Gas
10620,Carthage Energy,NY,43.9842,-75.6225,Pipeline Natural Gas
10621,"Syracuse, LLC",NY,43.0667,-76.2246,Pipeline Natural Gas
10633,Hopewell Cogeneration Facility,VA,37.2914,-77.2821,Pipeline Natural Gas
10641,Cambria Cogen,PA,40.4748,-78.7021,Coal Refuse
10649,Bear Mountain Limited,CA,35.4192,-118.9266,Pipeline Natural Gas
10650,Badger Creek Limited,CA,35.4837,-119.0299,Pipeline Natural Gas
10671,River Valley,OK,35.1931,-94.6458,Coal
10673,AES Hawaii,HI,21.3027,-158.1058,
10678,AES Warrior Run,MD,39.5944,-78.7456,Coal
10682,Brush Power Projects,CO,40.2415,-103.631,Pipeline Natural Gas
10698,"Graphic Packaging International, Inc.",MI,42.3049,-85.5783,Natural Gas
10725,Selkirk Cogen Partners,NY,42.5744,-73.8592,Pipeline Natural Gas
10726,MASSPOWER,MA,42.156,-72.5292,Pipeline Natural Gas
10743,Morgantown Energy Facility,WV,39.6397,-79.9606,Pipeline Natural Gas
10745,Midland Cogeneration Venture,MI,43.5861,-84.2242,Pipeline Natural Gas
10751,"Camden Plant Holding, LLC",NJ,39.9175,-75.1192,Pipeline Natural Gas
10761,Las Vegas Generating Station,NV,36.2317,-115.1235,Pipeline Natural Gas
10771,Hopewell Power Station,VA,37.2969,-77.2833,Wood
10773,Altavista Power Station,VA,37.1183,-79.2726,Wood
10774,Southampton Power Station,VA,36.6525,-76.9953,Wood
10776,E. F. Oxnard Energy Facility,CA,34.1963,-119.1663,Natural Gas
10784,Colstrip Energy Limited Partnership,MT,45.9753,-106.6554,
10788,Chemours Belle Plant,WV,38.2431,-81.556,Natural Gas
10803,AG - Energy,NY,44.7258,-75.4417,Pipeline Natural Gas
10805,"E F Kenilworth, Inc.",NJ,40.6781,-74.2744,Pipeline Natural Gas
10822,Grayling Generating Station,MI,44.6062,-84.6901,Wood
10823,Deer Island Treatment,MA,42.3497,-70.9601,Diesel Oil
10849,Northshore Mining Silver Bay Power,MN,47.286,-91.26,Coal
10865,Archer Daniels Midland Co.,IL,39.8675,-88.885,Pipeline Natural Gas
10866,"BioUrja Renewables - Peoria, IL",IL,40.6776,-89.6069,Pipeline Natural Gas
10867,Tate & Lyle,IL,39.8466,-88.9261,Coal
10870,Hazleton Generation,PA,40.9282,-76.0416,Pipeline Natural Gas
50002,Pittsfield Generating,MA,42.4564,-73.2181,Pipeline Natural Gas
50006,Linden Cogeneration Facility,NJ,40.6322,-74.2156,Pipeline Natural Gas
50030,Nelson Industrial Steam Company,LA,30.2861,-93.2917,Petroleum Coke
50044,McCracken Power House,OH,40.0008,-83.0158,Pipeline Natural Gas
50074,"Marcus Hook 50, L.P.",PA,39.8103,-75.4281,Pipeline Natural Gas
50109,Paris Energy Center,TX,33.6968,-95.5577,Pipeline Natural Gas
50131,Coalinga Cogeneration Facility,CA,36.1807,-120.3885,Pipeline Natural Gas
50137,New Gulf Power Facility,TX,29.2639,-95.8997,Pipeline Natural Gas
50151,UCC South Charleston Plant,WV,38.3688,-81.6786,Natural Gas
50188,International Paper New Bern Mill,NC,35.2081,-77.1242,Pipeline Natural Gas
50240,Purdue University-Wade Utility,IN,40.4172,-86.9117,Natural Gas
50243,Bucksport Generation LLC,ME,44.5739,-68.8033,Natural Gas
50244,Blue Ridge Paper Products Inc.,NC,35.535,-82.8411,Coal
50254,"WestRock Kraft Paper, Roanoke Rapids",NC,36.4769,-77.6414,Coal
50279,PEI Power Corporation,PA,41.4844,-75.5403,Pipeline Natural Gas
50282,Luke Paper Company,MD,39.4722,-79.0575,Pipeline Natural Gas
50292,Bethpage Energy Center,NY,40.7469,-73.4994,Pipeline Natural Gas
50296,Packaging Corporation of America,TN,35.0442,-88.2652,Other Oil
50368,Cornell University Ithaca Campus,NY,42.4428,-76.4764,Pipeline Natural Gas
50385,Newark Bay Cogen,NJ,40.7197,-74.13,Pipeline Natural Gas
50397,Pixelle Specialty Solutions,PA,39.8717,-76.8664,Pipeline Natural Gas
50410,Kimberly-Clark Tissue Company,PA,39.8439,-75.3575,Pipeline Natural Gas
50449,Indeck-Silver Springs Energy Center,NY,42.6544,-78.0772,Pipeline Natural Gas
50450,Indeck-Oswego Energy Center,NY,43.4682,-76.4965,Pipeline Natural Gas
50451,Indeck-Yerkes Energy Center,NY,42.9671,-78.9182,Pipeline Natural Gas
50458,Indeck-Corinth Energy Center,NY,43.25,-73.8125,Pipeline Natural Gas
50463,Procter & Gamble Paper Products,PA,41.573,-76.0426,Pipeline Natural Gas
50472,Covanta Niagara,NY,43.0839,-79.0056,Pipeline Natural Gas
50479,"GP Big Island, LLC",VA,37.534,-79.357,Pipeline Natural Gas
50481,Eastman Chemical Company,TN,36.5192,-82.535,Coal
50491,Axiall Corporation Natrium Plant,WV,39.7475,-80.8547,Coal
50497,"Bayonne Plant Holding, LLC",NJ,40.6553,-74.1124,Pipeline Natural Gas
50498,Capitol District Energy Center,CT,41.7639,-72.6925,Pipeline Natural Gas
50555,Rosemary Power Station,NC,36.4525,-77.6594,Diesel Oil
50558,Frontier Generating Station,OK,35.442,-97.6477,Pipeline Natural Gas
50561,Eagle Point Power Generation,NJ,39.8746,-75.1592,Pipeline Natural Gas
50607,Vicinity Energy Philadelphia- Schuylkill,PA,39.9422,-75.1875,Pipeline Natural Gas
50611,"Rausch Creek Generation, LLC",PA,40.6191,-76.45,Coal
50612,McKittrick Limited,CA,35.3195,-119.662,Pipeline Natural Gas
50625,ExxonMobil Beaumont Refinery,TX,30.0639,-94.0703,Natural Gas
50627,Exxonmobil Oil Corporation,IL,41.4167,-88.1833,Process Gas
50628,Paulsboro Refining Company LLC,NJ,39.84,-75.2583,Process Gas
50707,J M Shafer,CO,40.0979,-104.7745,Pipeline Natural Gas
50729,US Steel (Clairton Coke),PA,40.3097,-79.8819,Other Gas
50732,US Steel (Edgar Thomson),PA,40.3925,-79.8564,Process Gas
50733,US Steel Corp - Gary Works,IN,41.6133,-87.3281,Process Gas
50736,EmpireCo Sterling Energy Facility,CT,41.7132,-71.8223,Tire Derived Fuel
50744,Sterling Power Plant,NY,43.0803,-75.6003,Pipeline Natural Gas
50776,Panther Creek Energy Facility,PA,40.8556,-75.8781,Coal
50799,"EFS Parlin Holdings, LLC",NJ,40.4586,-74.3327,Pipeline Natural Gas
50806,"WestRock CP, LLC Florence Mill",SC,34.1519,-79.5587,Coal
50815,"Odyssey Energy Altura Cogen, LLC",TX,29.8169,-95.1086,Pipeline Natural Gas
50835,TES Filer City Station,MI,44.217,-86.2906,Coal
50852,Elmwood Power LLC,NJ,40.9056,-74.1308,Pipeline Natural Gas
50864,Sargent Canyon Cogen Facility,CA,35.9359,-120.8405,Pipeline Natural Gas
50865,Salinas River Cogeneration Facility,CA,35.9515,-120.8679,Pipeline Natural Gas
50879,Wheelabrator Frackville Energy,PA,40.7817,-76.1781,Coal
50888,Northampton Generating Plant,PA,40.6917,-75.4792,Coal Refuse
50900,WestRock Virginia Corp Covington Ops,VA,37.7997,-79.9946,Natural Gas
50931,Yellowstone Energy Limited Partnership,MT,45.8117,-108.4278,
50949,Hardee Power Station,FL,27.6364,-81.9636,Pipeline Natural Gas
50951,Sunnyside Cogeneration Associates,UT,39.5472,-110.3917,Coal
50956,Resolute Forest Products - Calhoun Ops,TN,35.2964,-84.7569,Pipeline Natural Gas
50974,Scrubgrass Generating Plant,PA,41.2678,-79.8114,Coal
50976,"Indiantown Cogeneration, LP",FL,27.0393,-80.5144,Coal
50978,Carr Street Generating Station,NY,43.0611,-76.0819,Pipeline Natural Gas
51026,Ryegate Associates,VT,44.2131,-72.0572,Wood
51030,Ocean State Power,RI,42.0099,-71.6701,Pipeline Natural Gas
52019,Doswell Limited Partnership,VA,37.8181,-77.4478,Pipeline Natural Gas
52026,Dartmouth Power,MA,41.6728,-70.9989,Pipeline Natural Gas
52056,Nassau Energy Corporation,NY,40.7259,-73.5885,Pipeline Natural Gas
52087,Elizabeth River Combustion Turbine Sta,VA,36.7743,-76.3119,Pipeline Natural Gas
52088,Texas City Cogeneration,TX,29.3787,-94.944,Pipeline Natural Gas
52089,Celanese Acetate LLC,VA,37.3451,-80.764,Pipeline Natural Gas
52106,Philadelphia Refinery,PA,39.9058,-75.2122,Process Gas
52130,BP Whiting Business Unit,IN,41.6703,-87.4803,Process Gas
52140,International Paper-Prattville Mill,AL,32.4167,-86.4667,Coal
52149,Merck & Company - West Point,PA,40.2128,-75.3022,Pipeline Natural Gas
52151,International Paper-Eastover Mill,SC,33.8872,-80.6397,Natural Gas
52168,Riverbay Corp. - Co-Op City,NY,40.8697,-73.8258,Pipeline Natural Gas
52176,C. R. Wing Cogeneration Plant,TX,32.2722,-101.4222,Pipeline Natural Gas
52193,Delaware City Refinery,DE,39.5936,-75.6337,Other Gas
54034,Rensselaer Cogen,NY,42.63,-73.75,Pipeline Natural Gas
54041,Lockport,NY,43.1622,-78.7453,Pipeline Natural Gas
54056,"Pawtucket Power Associates, LP",RI,41.861,-71.407,Natural Gas
54076,Indeck-Olean Energy Center,NY,42.0875,-78.4578,Pipeline Natural Gas
54081,"Spruance Operating Services, LLC",VA,37.4556,-77.4308,Pipeline Natural Gas
54096,International Paper-Riverdale Mill,AL,32.425,-86.8694,Pipeline Natural Gas
54099,Ticonderoga Mill,NY,43.8914,-73.3961,Residual Oil
54114,KIAC Cogeneration,NY,40.6417,-73.7778,Pipeline Natural Gas
54131,"World Generation X, LLC",NY,43.0483,-78.8539,Pipeline Natural Gas
54149,Nissequogue Energy Center,NY,40.9168,-73.1292,Pipeline Natural Gas
54207,Cleveland-Cliffs Warren,OH,41.2119,-80.8176,Other Gas
54238,DTE Stockton,CA,37.9416,-121.3273,Wood
54271,Saguaro,NV,36.0422,-115.0118,Pipeline Natural Gas
54276,University of NC Chapel Hill,NC,35.9069,-79.0617,Pipeline Natural Gas
54304,Birchwood Power Facility,VA,38.2667,-77.3147,Coal
54324,Ocean State Power II,RI,42.0099,-71.6701,Pipeline Natural Gas
54350,Nevada Cogeneration Associates #1,NV,36.3432,-114.9207,Pipeline Natural Gas
54365,Orange Cogeneration Facility,FL,27.8708,-81.8253,Pipeline Natural Gas
54415,Cadillac Renewable Energy,MI,44.2634,-85.4348,Wood
54426,Mulberry Cogeneration Facility,FL,27.8489,-81.8775,Pipeline Natural Gas
54466,Orlando CoGen,FL,28.4422,-81.4119,Pipeline Natural Gas
54476,Sumas Generating Station,WA,48.9905,-122.2733,Natural Gas
54537,Ferndale Generating Station,WA,48.8283,-122.6853,Natural Gas
54547,Independence,NY,43.495,-76.4508,Pipeline Natural Gas
54556,Ingredion Incorporated Argo Plant,IL,41.7775,-87.8233,Pipeline Natural Gas
54571,North East Cogeneration Plant,PA,42.202,-79.8425,Pipeline Natural Gas
54574,"Saranac Power Partners, LP",NY,44.7132,-73.4557,Pipeline Natural Gas
54586,"Tanner Street Generation, LLC",MA,42.6308,-71.3133,Pipeline Natural Gas
54592,Massena Energy Facility,NY,44.9503,-74.8928,Pipeline Natural Gas
54593,Batavia Energy,NY,42.9828,-78.1592,Pipeline Natural Gas
54605,"Pratt & Whitney, East Hartford",CT,41.75,-72.6347,Pipeline Natural Gas
54634,St. Nicholas Cogeneration Project,PA,40.8222,-76.1736,Coal Refuse
54638,"Domtar Paper Company, LLC",PA,41.4908,-78.6767,Natural Gas
54640,Lakewood,NJ,40.0613,-74.1686,Pipeline Natural Gas
54676,Oyster Creek Unit VIII,TX,28.9801,-95.3421,
54694,Yuma Cogeneration Associates,AZ,32.7286,-114.6542,Pipeline Natural Gas
54748,Port Neches Plant,TX,29.9788,-93.9523,
54749,Goal Line,CA,33.1185,-117.0995,Pipeline Natural Gas
54751,Genesee Power Station,MI,43.0841,-83.6743,Wood
54761,Hermiston,OR,45.8042,-119.37,Pipeline Natural Gas
54768,Live Oak Limited,CA,35.4837,-119.0298,Pipeline Natural Gas
54785,Grays Ferry Cogen Partnership,PA,39.9417,-75.1883,Pipeline Natural Gas
54795,"American Sugar Refining, Inc.",MD,39.2749,-76.5945,Natural Gas
54802,WestRock Coated Board - Mahrt Mill,AL,32.175,-85.0311,Pipeline Natural Gas
54805,"Milford Power, LLC",MA,42.1292,-71.5122,Pipeline Natural Gas
54817,Johnson County Generation Facility,TX,32.3994,-97.4078,Pipeline Natural Gas
54832,Brandywine Power Facility,MD,38.6681,-76.8678,Pipeline Natural Gas
54844,Gordonsville Power Station,VA,38.1245,-78.2031,Pipeline Natural Gas
54854,Sun Peak Generating Station,NV,36.1392,-115.034,Pipeline Natural Gas
54907,MIT Central Utility Plant,MA,42.3611,-71.0934,Pipeline Natural Gas
54914,Brooklyn Navy Yard Cogeneration,NY,40.6994,-73.9758,Pipeline Natural Gas
54915,Michigan Power Limited Partnership,MI,43.94,-86.4247,Pipeline Natural Gas
55010,Cottage Grove Cogeneration,MN,44.7956,-92.9119,Pipeline Natural Gas
55011,Whitewater Cogeneration Facility,WI,42.8543,-88.7297,Pipeline Natural Gas
55015,Sweeny Cogeneration Facility,TX,29.0728,-95.745,Pipeline Natural Gas
55026,Dighton,MA,41.8312,-71.1239,Pipeline Natural Gas
55029,Depere Energy Center,WI,44.4489,-88.0731,Pipeline Natural Gas
55031,Androscoggin Energy,ME,44.506,-70.242,Pipeline Natural Gas
55039,Rio Bravo Generating Station,NM,35.026,-106.644,Pipeline Natural Gas
55040,Mid-Georgia Cogeneration,GA,32.4853,-83.6036,Pipeline Natural Gas
55041,Berkshire Power,MA,42.0476,-72.6478,Pipeline Natural Gas
55042,Bridgeport Energy,CT,41.1692,-73.1844,Pipeline Natural Gas
55043,Cherokee County Cogen,SC,35.0727,-81.613,Pipeline Natural Gas
55047,Pasadena Power Plant,TX,29.7233,-95.1769,Pipeline Natural Gas
55048,"Tiverton Power, LLC",RI,41.6417,-71.17,Pipeline Natural Gas
55061,Tenaska Georgia Generating Station,GA,33.3516,-84.9996,Pipeline Natural Gas
55062,Tenaska Frontier Generating Station,TX,30.5924,-95.9178,Pipeline Natural Gas
55063,Batesville Generation Facility,MS,34.3345,-89.9272,Pipeline Natural Gas
55064,Blackhawk Station,TX,35.6957,-101.36,Pipeline Natural Gas
55065,Mustang Station,TX,32.9728,-102.7417,Pipeline Natural Gas
55068,Maine Independence Station,ME,44.8236,-68.7106,Pipeline Natural Gas
55075,Pine Bluff Energy Center,AR,34.2181,-91.9025,Pipeline Natural Gas
55076,Red Hills Generation Facility,MS,33.3761,-89.2183,Coal
55077,Desert Star Energy Center,NV,35.7867,-114.9928,Pipeline Natural Gas
55079,Millennium Power,MA,42.1127,-72.0152,Pipeline Natural Gas
55081,Brownsville Combustion Turbine Plant,TN,35.5438,-89.198,Pipeline Natural Gas
55086,Gregory Power Facility,TX,27.8881,-97.2572,Pipeline Natural Gas
55087,Zeeland Generating Station,MI,42.82,-85.9988,Pipeline Natural Gas
55088,Dearborn Industrial Generation,MI,42.3026,-83.154,Pipeline Natural Gas
55089,Taft Cogeneration Facility,LA,29.9861,-90.4575,Pipeline Natural Gas
55091,Midlothian Energy,TX,32.4302,-97.0537,Pipeline Natural Gas
55096,Portside Energy,IN,41.6317,-87.1728,Pipeline Natural Gas
55097,Lamar Power Plant,TX,33.6314,-95.589,Pipeline Natural Gas
55098,Frontera Generation Facility,TX,26.208,-98.3992,Pipeline Natural Gas
55100,Rumford Power,ME,44.5303,-70.5219,Pipeline Natural Gas
55101,Kalamazoo River Generating Station,MI,42.2797,-85.4922,Pipeline Natural Gas
55102,Livingston Generating Station,MI,45.0291,-84.7332,Pipeline Natural Gas
55103,Klamath Cogeneration Project,OR,42.174,-121.8112,Pipeline Natural Gas
55104,Sabine Cogeneration Facility,TX,30.0444,-93.7716,Pipeline Natural Gas
55107,Rhode Island State Energy Center,RI,41.8017,-71.5186,Pipeline Natural Gas
55109,"Rocky Road Power, LLC",IL,42.0931,-88.2397,Pipeline Natural Gas
55110,Madison Generating Station,OH,39.4522,-84.465,Pipeline Natural Gas
55111,Vermillion Generating Station,IN,39.9208,-87.445,Pipeline Natural Gas
55112,Calpine Sutter Energy Center,CA,39.0531,-121.6939,Pipeline Natural Gas
55116,Rockingham County Combustion Turbine,NC,36.3297,-79.8297,Pipeline Natural Gas
55117,R S Cogen LLC,LA,30.221,-93.2826,Pipeline Natural Gas
55120,SRO Cogen Limited Partnership,TX,30.0561,-93.7539,Pipeline Natural Gas
55122,NAFTA Region Olefins Complex,TX,29.9631,-93.8867,
55123,Magic Valley Generating Station,TX,26.3403,-98.19,Pipeline Natural Gas
55124,Griffith Energy Project,AZ,35.0517,-114.1334,Pipeline Natural Gas
55126,Milford Power Company LLC,CT,41.2239,-73.1,Pipeline Natural Gas
55127,Manchief Generating Station,CO,40.2201,-103.679,Pipeline Natural Gas
55128,Walton County Power,GA,33.8147,-83.6969,Pipeline Natural Gas
55129,Desert Basin Generating Station,AZ,32.9042,-111.7889,Pipeline Natural Gas
55131,Kendall Energy Facility,IL,41.4797,-88.2581,Pipeline Natural Gas
55132,Tenaska Gateway Generating Station,TX,32.0164,-94.6189,Pipeline Natural Gas
55135,Neenah Energy Facility,WI,44.1934,-88.5055,Pipeline Natural Gas
55137,"Rio Nogales Power Project, LP",TX,29.5932,-97.9724,Pipeline Natural Gas
55138,Walton Discover Power Facility,AL,32.5412,-85.0384,Pipeline Natural Gas
55139,Wolf Hollow Generating Station,TX,32.3347,-97.7344,Pipeline Natural Gas
55141,Hawk Road Energy Facility,GA,33.3577,-84.9912,Pipeline Natural Gas
55144,Hays Energy Facility,TX,29.7806,-97.9894,Pipeline Natural Gas
55146,"Green Country Energy, LLC",OK,35.9833,-95.9346,Pipeline Natural Gas
55148,Worthington Generation,IN,39.0717,-87.0128,Pipeline Natural Gas
55149,Lake Road Generating Company,CT,41.8736,-71.8947,Pipeline Natural Gas
55151,La Paloma Generating Plant,CA,35.2956,-119.5919,Pipeline Natural Gas
55153,Guadalupe Generating Station,TX,29.6237,-98.1395,Pipeline Natural Gas
55154,Lost Pines 1,TX,30.1478,-97.27,Pipeline Natural Gas
55164,Bluegrass Generating Station,KY,38.3902,-85.4133,Pipeline Natural Gas
55165,Calcasieu Plant,LA,30.1603,-93.3458,Pipeline Natural Gas
55166,Broad River Energy Center,SC,35.0786,-81.575,Pipeline Natural Gas
55168,Bastrop Clean Energy Center,TX,30.1458,-97.55,Pipeline Natural Gas
55170,Granite Ridge Energy,NH,42.9043,-71.4251,Pipeline Natural Gas
55172,Bosque County Power Plant,TX,31.8594,-97.3586,Pipeline Natural Gas
55173,Acadia Power Station,LA,30.4284,-92.4112,Pipeline Natural Gas
55176,Eastman Cogeneration Facility,TX,32.4472,-94.6917,Pipeline Natural Gas
55177,"South Point Energy Center, LLC",AZ,34.8678,-114.5317,Pipeline Natural Gas
55178,Dogwood Energy Facility,MO,38.7931,-94.3006,Pipeline Natural Gas
55179,"Rathdrum Power, LLC",ID,47.7861,-116.9214,Pipeline Natural Gas
55182,Sunrise Power Company,CA,35.2097,-119.585,Pipeline Natural Gas
55183,Nelson Energy Center,IL,41.7749,-89.6067,Pipeline Natural Gas
55187,Channelview Cogeneration Facility,TX,29.8356,-95.1242,Pipeline Natural Gas
55188,Cordova Energy Company,IL,41.7146,-90.2802,Pipeline Natural Gas
55192,Osceola,FL,28.1289,-81.0978,Pipeline Natural Gas
55193,Ontelaunee Energy Center,PA,40.4219,-75.9353,Pipeline Natural Gas
55196,Springdale Generating Station (55196),PA,40.5447,-79.7678,Pipeline Natural Gas
55197,Caledonia,MS,33.6464,-88.2717,Pipeline Natural Gas
55198,Riverside Generating Company,KY,38.1933,-82.6042,Pipeline Natural Gas
55199,Elwood Energy Facility,IL,41.4388,-88.1236,Pipeline Natural Gas
55200,Arapahoe Combustion Turbine Facility,CO,39.6692,-105.0018,Pipeline Natural Gas
55201,"Gibson City Energy Center, LLC",IL,40.4705,-88.3987,Pipeline Natural Gas
55202,Pinckneyville Power Plant,IL,38.1114,-89.3467,Pipeline Natural Gas
55204,Kinmundy Power Plant,IL,38.7619,-89.0128,Pipeline Natural Gas
55206,Corpus Christi Energy Center,TX,27.8139,-97.4283,Pipeline Natural Gas
55207,Valmont Combustion Turbine Facility,CO,40.0197,-105.202,Pipeline Natural Gas
55210,Afton Generating Station,NM,32.1134,-106.848,Pipeline Natural Gas
55211,Bellingham Power Generation LLC,MA,42.1113,-71.4529,Pipeline Natural Gas
55212,Blackstone Power Generation LLC,MA,42.0575,-71.5172,Pipeline Natural Gas
55215,Odessa Ector Generating Station,TX,31.8378,-102.3278,Pipeline Natural Gas
55216,"Morris Cogeneration, LLC",IL,41.4092,-88.3292,Pipeline Natural Gas
55217,"Los Medanos Energy Center, LLC",CA,38.03,-121.8708,Pipeline Natural Gas
55218,Hinds Energy Facility,MS,32.3781,-90.2169,Pipeline Natural Gas
55220,Attala Generating Plant,MS,33.0142,-89.6758,Pipeline Natural Gas
55221,Oswald Generating Station,AR,34.5923,-92.2166,Pipeline Natural Gas
55222,Lincoln Generating Facility,IL,41.3937,-87.9437,Pipeline Natural Gas
55223,"Ennis Power Company, LLC",TX,32.3194,-96.6739,Pipeline Natural Gas
55224,Wheatland Generating Facility LLC,IN,38.6716,-87.2931,Pipeline Natural Gas
55225,Oneta Energy Center,OK,36.0119,-95.6967,Pipeline Natural Gas
55226,Freestone Power Generation,TX,31.8907,-96.1128,Pipeline Natural Gas
55228,Greenville Electric Gen Station,OH,40.0747,-84.6147,Pipeline Natural Gas
55229,Montpelier Electric Gen Station,IN,40.6206,-85.3057,Pipeline Natural Gas
55230,Jack County Generation Facility,TX,33.101,-97.9574,Pipeline Natural Gas
55231,Liberty Electric Power Plant,PA,39.8622,-75.3361,Pipeline Natural Gas
55232,Marshall County,KY,37.0286,-88.3958,Pipeline Natural Gas
55233,Handsome Lake Energy,PA,41.2908,-79.8061,Pipeline Natural Gas
55234,Audrain Power Plant,MO,39.3092,-91.5369,Pipeline Natural Gas
55236,"Lee County Generating Station, LLC",IL,41.8287,-89.4054,Pipeline Natural Gas
55237,Shelby County,IL,39.2794,-88.4772,Pipeline Natural Gas
55238,Rockford Energy Center,IL,42.2403,-89.1025,Pipeline Natural Gas
55239,"Red Oak Power, LLC",NJ,40.4481,-74.3497,Pipeline Natural Gas
55241,Hog Bayou Energy Center,AL,30.7478,-88.0575,Pipeline Natural Gas
55242,Santa Rosa Energy Center,FL,30.5661,-87.115,Pipeline Natural Gas
55243,Astoria Gas Turbine Power,NY,40.7864,-73.9133,Pipeline Natural Gas
55244,Doyle Energy Facility,GA,33.8376,-83.6996,Pipeline Natural Gas
55247,Darby Electric Generating Station,OH,39.7139,-83.1778,Pipeline Natural Gas
55248,Tait Electric Generating Station,OH,39.7286,-84.2106,Pipeline Natural Gas
55250,University Park Energy,IL,41.4405,-87.7528,Pipeline Natural Gas
55251,Gleason Combustion Turbine Plant,TN,36.2454,-88.612,Pipeline Natural Gas
55253,Crete Energy Park,IL,41.4297,-87.6187,Pipeline Natural Gas
55259,"Whiting Clean Energy, Inc.",IN,41.6739,-87.4778,Pipeline Natural Gas
55262,AMP-Ohio Gas Turbines Bowling Green,OH,41.3989,-83.6411,Pipeline Natural Gas
55263,AMP-Ohio Gas Turbines Galion,OH,40.7167,-82.789,Pipeline Natural Gas
55264,AMP-Ohio Gas Turbines Napoleon,OH,41.4077,-84.1092,Pipeline Natural Gas
55267,Edward L Addison Generating Plant,GA,32.911,-84.3059,Pipeline Natural Gas
55269,Southaven Combined Cycle Plant,MS,34.9939,-90.039,Pipeline Natural Gas
55270,Jackson Generating Station,MI,42.2488,-84.3767,Pipeline Natural Gas
55271,Lindsay Hill Generating Station,AL,32.6514,-86.7386,Pipeline Natural Gas
55276,Ceredo Generating Station,WV,38.3681,-82.5339,Pipeline Natural Gas
55279,Aurora,IL,41.8151,-88.2265,Pipeline Natural Gas
55281,Southeast Chicago Energy Project,IL,41.7181,-87.5449,Pipeline Natural Gas
55282,Arlington Valley Energy Facility,AZ,33.3417,-112.8897,Pipeline Natural Gas
55283,Front Range Power Plant,CO,38.6281,-104.7069,Pipeline Natural Gas
55284,Big Sandy Peaker Plant,WV,38.3441,-82.5938,Pipeline Natural Gas
55285,Wolf Hills Energy,VA,36.6644,-82.1044,Pipeline Natural Gas
55286,Oleander Power Project,FL,28.3661,-80.7947,Pipeline Natural Gas
55292,Decatur Energy Center,AL,34.6292,-87.0214,Pipeline Natural Gas
55293,Morgan Energy Center,AL,34.6397,-87.0639,Pipeline Natural Gas
55294,Westbrook Energy Center,ME,43.6576,-70.3772,Pipeline Natural Gas
55295,Blythe Energy,CA,33.6157,-114.6865,Pipeline Natural Gas
55296,"Calumet Energy Team, LLC",IL,41.6835,-87.5563,Pipeline Natural Gas
55297,Covert Generating Station,MI,42.3231,-86.2925,Pipeline Natural Gas
55298,Fairless Energy Center,PA,40.1464,-74.7406,Pipeline Natural Gas
55299,Channel Energy Center,TX,29.7189,-95.2319,Pipeline Natural Gas
55304,Baconton Power,GA,31.3869,-84.0819,Pipeline Natural Gas
55306,Gila River Power Station,AZ,32.9761,-112.694,Pipeline Natural Gas
55308,"DTE Calvert City, LLC",KY,37.0467,-88.3506,Pipeline Natural Gas
55317,Fore River Energy Center,MA,42.2417,-70.9653,Pipeline Natural Gas
55320,"Wise County Power Company, LLC",TX,33.0583,-97.9103,Pipeline Natural Gas
55322,Chuck Lenzie Generating Station,NV,36.3853,-114.9228,Pipeline Natural Gas
55327,Baytown Energy Center,TX,29.7731,-94.9019,Pipeline Natural Gas
55328,Hermiston Power Plant,OR,45.7934,-119.313,Pipeline Natural Gas
55332,Washington County Power,GA,33.0917,-82.9803,Pipeline Natural Gas
55333,"Delta Energy Center, LLC",CA,38.0167,-121.8439,Pipeline Natural Gas
55334,Holland Energy Facility,IL,39.2242,-88.7594,Pipeline Natural Gas
55337,Helix Ironwood LLC,PA,40.3509,-76.3658,Pipeline Natural Gas
55340,Dell Power Plant,AR,35.8619,-90.0253,Pipeline Natural Gas
55343,Luna Energy Facility,NM,32.2983,-107.78,Pipeline Natural Gas
55345,"Otay Mesa Energy Center, LLC",CA,32.5733,-116.9153,Pipeline Natural Gas
55347,"Armstrong Power, LLC",PA,40.6383,-79.3503,Pipeline Natural Gas
55348,"Troy Energy, LLC",OH,41.4774,-83.4616,Pipeline Natural Gas
55349,"Pleasants Energy, LLC",WV,39.3328,-81.3639,Pipeline Natural Gas
55350,Dresden Energy Facility,OH,40.0935,-82.0267,Pipeline Natural Gas
55357,"Brazos Valley Energy, LP",TX,29.4731,-95.6244,Pipeline Natural Gas
55358,Cottonwood Energy Project,TX,30.2588,-93.7353,Pipeline Natural Gas
55364,Sugar Creek Generating Station,IN,39.3922,-87.5103,Pipeline Natural Gas
55365,LaPorte Generating Station,TX,29.702,-95.071,Pipeline Natural Gas
55372,New Harquahala Generating Company,AZ,33.4759,-113.1133,Pipeline Natural Gas
55375,Astoria Energy,NY,40.7825,-73.8964,Pipeline Natural Gas
55377,Gans Generating Facility,PA,39.7475,-79.8388,Pipeline Natural Gas
55380,Union Power Station,AR,33.2961,-92.5933,Pipeline Natural Gas
55381,Commonwealth Chesapeake,VA,37.9892,-75.54,Diesel Oil
55382,Thomas A. Smith Energy Facility,GA,34.7094,-84.9182,Pipeline Natural Gas
55386,Columbia Energy Center (SC),SC,33.8692,-81.0183,Pipeline Natural Gas
55391,Rockgen Energy Center,WI,42.9767,-89.0492,Pipeline Natural Gas
55392,Zion Energy Center,IL,42.4776,-87.895,Pipeline Natural Gas
55393,Metcalf Energy Center,CA,37.2169,-121.7439,Pipeline Natural Gas
55395,Crossroads Energy Center (CPU),MS,34.183,-90.5621,Pipeline Natural Gas
55397,Washington Power Company LLC,OH,39.5798,-81.6571,Pipeline Natural Gas
55400,Elk Hills Power,CA,35.2802,-119.4699,Pipeline Natural Gas
55401,Rolling Hills Generating LLC,OH,39.0839,-82.3328,Pipeline Natural Gas
55402,Renaissance Power,MI,43.1864,-84.8429,Pipeline Natural Gas
55404,Carville Energy Center,LA,30.2292,-91.065,Pipeline Natural Gas
55405,Athens Generating Company,NY,42.2728,-73.8492,Pipeline Natural Gas
55406,Bobby C. Smith Jr. Energy Facility,GA,32.2792,-81.2842,Pipeline Natural Gas
55409,Calhoun Generating Facility,AL,33.5883,-85.9731,Pipeline Natural Gas
55411,Hillabee Energy Center,AL,33.0,-85.9031,Pipeline Natural Gas
55412,Osprey Energy Center,FL,28.0525,-81.8083,Pipeline Natural Gas
55414,Shady Hills,FL,28.3665,-82.5591,Pipeline Natural Gas
55415,Vandolah Power Project,FL,27.5242,-81.9236,Pipeline Natural Gas
55417,Raccoon Creek Power Plant,IL,38.6996,-88.5392,Pipeline Natural Gas
55418,Hot Spring Energy Facility,AR,34.2963,-92.8683,Pipeline Natural Gas
55419,Plaquemine Cogen Facility,LA,30.3215,-91.2392,Natural Gas
55433,Bayou Cove Peaking Power Plant,LA,30.2825,-92.5994,Pipeline Natural Gas
55438,"Elgin Energy Center, LLC",IL,41.9997,-88.2445,Pipeline Natural Gas
55439,Tenaska Virginia Generating Station,VA,37.8667,-78.3813,Pipeline Natural Gas
55440,Central Alabama Gen Station,AL,32.6503,-86.7386,Pipeline Natural Gas
55447,Columbia Energy Center (MO),MO,39.0183,-92.2633,Pipeline Natural Gas
55451,Magnolia Combined Cycle Plant,MS,34.8358,-89.2017,Pipeline Natural Gas
55453,Fountain Valley Power Plant,CO,38.5569,-104.6875,Pipeline Natural Gas
55455,Redhawk Generating Facility,AZ,33.33,-112.84,Pipeline Natural Gas
55457,McClain Energy Facility,OK,35.2979,-97.5896,Pipeline Natural Gas
55460,Indeck-Niles Energy Center,MI,41.8621,-86.2213,Pipeline Natural Gas
55463,Redbud Power Plant,OK,35.6853,-97.2242,Pipeline Natural Gas
55464,Deer Park Energy Center,TX,29.7153,-95.1361,Pipeline Natural Gas
55467,Ouachita Plant,LA,32.7056,-92.0697,Pipeline Natural Gas
55470,South Houston Green Power Site,TX,29.3775,-94.9328,Pipeline Natural Gas
55477,Neil Simpson II (CT2),WY,44.2853,-105.3841,Pipeline Natural Gas
55478,Lange,SD,44.1212,-103.2608,Pipeline Natural Gas
55479,Wygen I,WY,44.2862,-105.3843,Coal
55480,Forney Power Plant,TX,32.7563,-96.4916,Pipeline Natural Gas
55481,Mesquite Generating Station,AZ,33.3451,-112.8638,Pipeline Natural Gas
55482,Goldendale Generating Station,WA,45.8114,-120.833,Pipeline Natural Gas
55486,Washington Parish Energy Center,LA,30.7914,-89.9092,Pipeline Natural Gas
55496,Goose Creek Power Plant,IL,40.1083,-88.5986,Pipeline Natural Gas
55499,CalPeak Power - Vaca Dixon,CA,38.3989,-121.9239,
55501,Tenaska Kiamichi Generating Station,OK,34.6831,-95.9349,Pipeline Natural Gas
55502,Lawrenceburg Energy Facility,IN,39.0913,-84.8667,Pipeline Natural Gas
55503,Waterford Plant,OH,39.5314,-81.7172,Pipeline Natural Gas
55504,Limon Generating Station,CO,39.2038,-103.7005,Pipeline Natural Gas
55505,Frank Knutson Station,CO,39.9414,-104.6817,Pipeline Natural Gas
55508,CalPeak Power - Panoche,CA,36.6531,-120.5797,
55510,CalPeak Power - Border,CA,32.5622,-116.9433,
55512,Cuyamaca Peak Energy,CA,32.7971,-116.972,
55513,CalPeak Power - Enterprise,CA,33.1221,-117.117,
55514,Apex Generating Station,NV,36.4178,-114.9622,Pipeline Natural Gas
55516,Fayette Power Company LLC,PA,39.8592,-79.9182,Pipeline Natural Gas
55517,"Wallingford Energy, LLC",CT,41.4486,-72.8358,Pipeline Natural Gas
55518,High Desert Power Project,CA,34.5953,-117.3647,Pipeline Natural Gas
55522,Sundance Power Plant,AZ,32.9285,-111.5899,Pipeline Natural Gas
55524,York Energy Center,PA,39.738,-76.3072,Pipeline Natural Gas
55538,"Escondido Energy Center, LLC",CA,33.1261,-117.1172,Pipeline Natural Gas
55540,Chula Vista Energy Center,CA,32.5914,-117.0586,Pipeline Natural Gas
55541,Indigo Generation Facility,CA,33.9114,-116.5533,Pipeline Natural Gas
55542,Larkspur Energy Facility,CA,32.5672,-116.9444,Pipeline Natural Gas
55544,Klamath Generation Peakers,OR,42.1727,-121.8144,Pipeline Natural Gas
55558,McKinley Paper and Packaging Company,WI,44.2717,-88.3011,Pipeline Natural Gas
55620,Perryville Power Station,LA,32.6914,-92.0192,Pipeline Natural Gas
55622,West Valley Power Plant,UT,40.6663,-112.031,Pipeline Natural Gas
55625,Creed Energy Center,CA,38.2419,-121.8551,Pipeline Natural Gas
55626,Lambie Energy Center,CA,38.2216,-121.8683,Pipeline Natural Gas
55627,Goose Haven Energy Center,CA,38.2271,-121.844,Pipeline Natural Gas
55640,"LSP University Park, LLC",IL,41.4426,-87.7515,Pipeline Natural Gas
55641,Riverside Energy Center,WI,42.5835,-89.0351,Pipeline Natural Gas
55645,Blue Spruce Energy Center,CO,39.7436,-104.68,Pipeline Natural Gas
55651,Spring Creek Power Plant,OK,35.7422,-97.655,Pipeline Natural Gas
55654,Chambersburg Units 12 & 13,PA,39.8668,-77.6859,Pipeline Natural Gas
55656,Pastoria Energy Facility,CA,34.9556,-118.844,Pipeline Natural Gas
55661,Newington Energy,NH,43.1047,-70.8044,Pipeline Natural Gas
55662,Chehalis Generation Facility,WA,46.6226,-122.9145,Natural Gas
55664,Harrison County Power Project,TX,32.3958,-94.4361,Pipeline Natural Gas
55667,"Lower Mount Bethel Energy, LLC",PA,40.8011,-75.105,Pipeline Natural Gas
55672,AL Sandersville Energy Facility,GA,33.1189,-82.8608,Pipeline Natural Gas
55687,Walter M. Higgins III Generating Station,NV,35.6139,-115.3561,Pipeline Natural Gas
55690,Bethlehem Power Plant,PA,40.6175,-75.3147,Pipeline Natural Gas
55694,Ackerman Combined Cycle Plant,MS,33.38,-89.2091,Pipeline Natural Gas
55698,Hanford Energy Park Peaker,CA,36.2689,-119.6469,Pipeline Natural Gas
55699,Bayswater Peaking Facility,NY,40.6106,-73.7614,Diesel Oil
55700,Mint Farm Generating Station,WA,46.1403,-122.9842,Natural Gas
55701,Fremont Energy Center,OH,41.3781,-83.1647,Pipeline Natural Gas
55703,"Valero Refining Company-Tennessee, LLC",TN,35.0836,-90.0825,Process Gas
55706,Choctaw County,MS,33.2881,-89.4201,Pipeline Natural Gas
55708,Nacogdoches Generating Facility,TX,31.8326,-94.9006,Wood
55710,Springdale Generating Station (55710),PA,40.5456,-79.7669,Pipeline Natural Gas
55714,Magnet Cove Generating Station,AR,34.4304,-92.8333,Pipeline Natural Gas
55718,Dean Peakers,MI,42.774,-82.4818,Pipeline Natural Gas
55733,Bennett Mountain Power Project,ID,43.147,-115.6671,Pipeline Natural Gas
55736,Hanging Rock Power Company LLC,OH,38.5731,-82.7833,Pipeline Natural Gas
55738,Buchanan Units 1 & 2,VA,37.1753,-81.9617,Pipeline Natural Gas
55748,Los Esteros Critical Energy Facility,CA,37.425,-121.9319,Pipeline Natural Gas
55749,Hardin Generating Station,MT,45.7578,-107.6,Coal
55786,Edgewood Energy,NY,40.7861,-73.2931,Pipeline Natural Gas
55787,Shoreham Energy,NY,40.9572,-72.8664,Diesel Oil
55799,"Otsego Paper, Inc.",MI,42.4641,-85.6941,Natural Gas
55801,"Marcus Hook Energy, LP",PA,39.8083,-75.4225,Pipeline Natural Gas
55802,Valencia Power Plant,NM,34.6063,-106.732,Pipeline Natural Gas
55807,Henrietta Peaker Plant,CA,36.2397,-119.9044,Pipeline Natural Gas
55810,"Gilroy Energy Center, LLC",CA,36.999,-121.5363,Pipeline Natural Gas
55818,Frederickson Power LP,WA,47.0864,-122.3644,Pipeline Natural Gas
55821,Stanton A,FL,28.4881,-81.1675,Pipeline Natural Gas
55833,Auburndale Peaker Energy Center,FL,28.0534,-81.8059,Pipeline Natural Gas
55835,Rocky Mountain Energy Center,CO,40.0911,-104.5947,Pipeline Natural Gas
55836,Island Street Peaking Plant,WI,44.2761,-88.2656,Pipeline Natural Gas
55841,Silverhawk Generating Station,NV,36.4078,-114.9603,Pipeline Natural Gas
55847,Feather River Energy Center,CA,39.1088,-121.6133,Pipeline Natural Gas
55853,Inland Empire Energy Center,CA,33.7393,-117.1701,Pipeline Natural Gas
55855,Wolfskill Energy Center,CA,38.2282,-122.076,Pipeline Natural Gas
55856,Prairie State Generating Station,IL,38.2792,-89.667,Coal
55927,Jasper County Generating Facility,SC,32.3592,-81.1236,Pipeline Natural Gas
55933,Tracy Combined Cycle Power Plant,CA,37.7107,-121.4906,Pipeline Natural Gas
55936,Rockford II Energy Center,IL,42.2383,-89.1014,Pipeline Natural Gas
55938,Ocean Peaking Power,NJ,40.0606,-74.1672,Pipeline Natural Gas
55939,Warren County Power Station,VA,38.9705,-78.1777,Pipeline Natural Gas
55951,Agua Mansa Power,CA,34.0414,-117.3603,Pipeline Natural Gas
55963,Riverview Energy Center,CA,38.0145,-121.7901,Pipeline Natural Gas
55965,Wansley CC (55965),GA,33.4063,-85.0373,Pipeline Natural Gas
55969,"Hawkeye Energy Greenport, LLC",NY,41.1056,-72.3767,Diesel Oil
55970,Cosumnes Power Plant,CA,38.3383,-121.1239,Other Gas
55972,Cass County Station,NE,40.9472,-95.9667,Pipeline Natural Gas
55976,Hunterstown Combined Cycle,PA,39.8725,-77.1672,Pipeline Natural Gas
55977,Bluffview Power Plant,NM,36.7164,-108.2153,Pipeline Natural Gas
55985,Palomar Energy Center,CA,33.1192,-117.118,Pipeline Natural Gas
56013,Exira Station,IA,41.5131,-94.9189,Pipeline Natural Gas
56015,Walton Bainbridge Power Facility,GA,30.9111,-84.5472,Diesel Oil
56018,AMEA Sylacauga Plant,AL,33.1661,-86.2825,Pipeline Natural Gas
56026,Donald Von Raesfeld,CA,37.3767,-121.9508,Pipeline Natural Gas
56031,Fox Energy Center,WI,44.3204,-88.2089,Pipeline Natural Gas
56032,Equus  Power I,NY,40.6447,-73.5683,Pipeline Natural Gas
56041,Malburg Generating Station,CA,33.9983,-118.2219,Pipeline Natural Gas
56046,Magnolia Power Project,CA,34.1788,-118.3153,Pipeline Natural Gas
56047,CPV Towantic Energy Center,CT,41.4841,-73.1229,Pipeline Natural Gas
56068,Elm Road Generating Station,WI,42.8445,-87.829,Coal
56078,Walnut Energy Center,CA,37.4878,-120.8956,Pipeline Natural Gas
56102,Currant Creek Power Project,UT,39.8223,-111.894,Pipeline Natural Gas
56104,Mankato Energy Center,MN,44.1965,-94.0099,Pipeline Natural Gas
56108,T J Labbe Electric Generating Station,LA,30.2554,-92.0433,Pipeline Natural Gas
56135,Ripon Generation Station,CA,37.7315,-121.116,Pipeline Natural Gas
56143,Riverside Energy Resource Center,CA,33.9636,-117.4528,Pipeline Natural Gas
56150,McIntosh Combined Cycle Facility,GA,32.3478,-81.1828,Pipeline Natural Gas
56151,South Harper Peaking Facility,MO,38.6803,-94.4824,Pipeline Natural Gas
56164,Faribault Energy Park,MN,44.3353,-93.2894,Pipeline Natural Gas
56166,Sheboygan Falls Energy Facility,WI,43.7519,-87.8783,Pipeline Natural Gas
56177,Nebo Power Station,UT,40.0614,-111.7294,Pipeline Natural Gas
56188,Pinelawn Power,NY,40.7358,-73.3881,Pipeline Natural Gas
56189,"Waterside Power, LLC",CT,41.0372,-73.5564,Diesel Oil
56196,Poletti 500 MW CC,NY,40.7881,-73.9056,Pipeline Natural Gas
56224,TS Power Plant,NV,40.7458,-116.5297,Coal
56227,Port Westward,OR,46.1792,-123.1717,Natural Gas
56232,Miramar Energy Facility,CA,32.8769,-117.1664,Pipeline Natural Gas
56234,Caithness Long Island Energy Center,NY,40.8142,-72.9403,Pipeline Natural Gas
56237,Lake Side Power Plant,UT,40.3311,-111.7547,Pipeline Natural Gas
56238,Groton Generating Station,SD,45.3718,-98.1032,Pipeline Natural Gas
56239,Malaga Power,CA,36.6894,-119.7399,Pipeline Natural Gas
56241,Cannon Falls Energy Center,MN,44.5364,-92.9147,Pipeline Natural Gas
56249,NCEMC Anson Plant,NC,34.9708,-79.9208,Pipeline Natural Gas
56253,Millcreek Power,UT,37.1124,-113.5155,Pipeline Natural Gas
56259,"Empire Generating Co, LLC",NY,42.6296,-73.749,Pipeline Natural Gas
56283,Hargis-Hebert Electric Generating Statio,LA,30.1694,-91.9923,Pipeline Natural Gas
56292,NCEMC Hamlet Plant,NC,34.8422,-79.7367,Pipeline Natural Gas
56298,Roseville Energy Park,CA,38.7926,-121.3823,Pipeline Natural Gas
56319,Wygen II,WY,44.2911,-105.3815,Coal
56326,Mustang Station (56326),TX,32.9748,-102.7432,Pipeline Natural Gas
56328,Harry D. Mattison Power Plant,AR,36.1855,-94.2841,Pipeline Natural Gas
56349,Quail Run Energy Center,TX,31.8414,-102.315,Pipeline Natural Gas
56350,Colorado Bend Energy Center,TX,29.2878,-96.0683,Pipeline Natural Gas
56397,Hunlock Unit 4,PA,41.2033,-76.0683,Pipeline Natural Gas
56400,Treasure Coast Energy Center,FL,27.3839,-80.3775,Pipeline Natural Gas
56407,West County Energy Center,FL,26.6986,-80.3747,Pipeline Natural Gas
56445,Spindle Hill Energy Center,CO,40.0914,-104.8819,Pipeline Natural Gas
56456,Plum Point Energy Station,AR,35.6626,-89.9469,Coal
56458,Hobbs Generating Station,NM,32.7282,-103.3095,Pipeline Natural Gas
56467,Russell City Energy Company LLC,CA,37.6341,-122.1326,Pipeline Natural Gas
56471,McGrath Generating Station,CA,34.2054,-119.2478,Pipeline Natural Gas
56472,Grapeland Generating Station,CA,34.09,-117.534,Pipeline Natural Gas
56473,Mira Loma Generating Station,CA,34.0054,-117.5604,Pipeline Natural Gas
56474,Barre Generating Station,CA,33.8073,-117.9833,Pipeline Natural Gas
56475,Center Generating Station,CA,33.9297,-118.1047,Pipeline Natural Gas
56476,Gateway Generating Station,CA,38.0167,-121.7592,Pipeline Natural Gas
56480,Marshfield Utilities Combustion Turbine,WI,44.635,-90.135,Pipeline Natural Gas
56482,Black Mountain Generating Station,AZ,35.0361,-114.1594,Natural Gas
56502,Emporia Energy Center,KS,38.4464,-96.0651,Pipeline Natural Gas
56505,City Water & Light - City of Jonesboro,AR,35.8481,-90.7257,Pipeline Natural Gas
56532,Colusa Generating Station,CA,39.3648,-122.268,Pipeline Natural Gas
56556,Paducah Power Systems Plant 1,KY,37.0339,-88.6161,Pipeline Natural Gas
56564,John W. Turk Jr. Power Plant,AR,33.6497,-93.8119,Coal
56569,Niland Gas Turbine Plant,CA,33.2432,-115.498,Pipeline Natural Gas
56596,Wygen III,WY,44.2892,-105.3795,Coal
56603,San Jacinto County Peaking Facility,TX,30.42,-95.0114,Pipeline Natural Gas
56604,Hardin County Peaking Facility,TX,30.3039,-94.2527,Pipeline Natural Gas
56606,Culbertson Station,MT,48.2104,-104.3919,Pipeline Natural Gas
56609,Dry Fork Station,WY,44.3901,-105.4591,Coal
56610,Deer Creek Station,SD,44.3961,-96.5333,Pipeline Natural Gas
56611,Sandy Creek Energy Station,TX,31.4753,-96.9564,Coal
56629,Waterbury Generation,CT,41.5444,-73.0416,Pipeline Natural Gas
56639,Midway Peaking,CA,36.654,-120.5797,Pipeline Natural Gas
56668,NIH Cogeneration Facility,MD,38.9982,-77.1026,Pipeline Natural Gas
56671,Longview Power,WV,39.7078,-79.9588,Coal
56674,Winchester Power Park,TX,30.0253,-96.9945,Pipeline Natural Gas
56786,Spiritwood Station,ND,46.925,-98.5,Coal
56798,Kleen Energy Systems Project,CT,41.5526,-72.597,Pipeline Natural Gas
56799,Greenland Energy Center,FL,30.1603,-81.5164,Pipeline Natural Gas
56803,Panoche Energy Center,CA,36.6513,-120.5833,Pipeline Natural Gas
56806,Cedar Bayou 4,TX,29.752,-94.923,Pipeline Natural Gas
56807,Bear Garden Generating Station,VA,37.6961,-78.2848,Pipeline Natural Gas
56808,Virginia City Hybrid Energy Center,VA,36.9161,-82.3381,Coal
56846,CPV St. Charles Energy Center,MD,38.5686,-76.8919,Pipeline Natural Gas
56908,Dave Gates Generating Station,MT,46.1066,-112.8755,Pipeline Natural Gas
56914,Orange Grove Project,CA,33.359,-117.111,Pipeline Natural Gas
56940,Valley Energy Center,NY,41.413,-74.435,Pipeline Natural Gas
56948,Coolidge Generating Station,AZ,32.9175,-111.5041,Pipeline Natural Gas
56963,West Deptford Energy Station,NJ,39.8418,-75.2214,Pipeline Natural Gas
56964,Bayonne Energy Center,NJ,40.6529,-74.0916,Pipeline Natural Gas
56998,Pueblo Airport Generating Station,CO,38.322,-104.533,Pipeline Natural Gas
57001,El Cajon Energy Center,CA,32.7971,-116.972,Pipeline Natural Gas
57027,Canyon Power Plant,CA,33.8581,-117.8616,Pipeline Natural Gas
57028,Langley Gulch Power Plant,ID,43.9046,-116.8181,Pipeline Natural Gas
57029,Cleveland County Generating Facility,NC,35.1706,-81.4161,Pipeline Natural Gas
57037,David M Ratcliffe,MS,32.6538,-88.7574,Pipeline Natural Gas
57073,Ivanpah 2,CA,35.5561,-115.4686,Pipeline Natural Gas
57074,Ivanpah 1,CA,35.5356,-115.4515,Pipeline Natural Gas
57075,Ivanpah 3,CA,35.5808,-115.4825,Pipeline Natural Gas
57185,Cricket Valley Energy Center,NY,41.6762,-73.5806,Pipeline Natural Gas
57241,Deerhaven Renewable Energy Center,FL,29.7675,-82.3964,Wood
57267,Marsh Landing Generating Station,CA,38.0171,-121.7651,Pipeline Natural Gas
57349,Garrison Energy Center,DE,39.1882,-75.4999,Pipeline Natural Gas
57482,"Sentinel Energy Center, LLC",CA,33.9366,-116.5722,Pipeline Natural Gas
57483,Mariposa Energy Project,CA,37.7965,-121.6049,Pipeline Natural Gas
57515,Walnut Creek Energy Park,CA,34.0078,-117.9425,Pipeline Natural Gas
57555,Pio Pico Energy Center LLC,CA,32.5739,-116.9178,Pipeline Natural Gas
57564,Algonquin Power Sanger,CA,36.6842,-119.5522,Pipeline Natural Gas
57703,Cheyenne Prairie Generating Station,WY,41.1229,-104.7214,Pipeline Natural Gas
57794,St. Joseph Energy Center LLC,IN,41.6996,-86.4814,Pipeline Natural Gas
57839,Woodbridge Energy Center,NJ,40.515,-74.3192,Pipeline Natural Gas
57842,Wabash River Highland Plant,IN,39.5326,-87.4262,Pipeline Natural Gas
57865,Antelope Elk Energy Center,TX,33.8657,-101.8437,Pipeline Natural Gas
57881,Pioneer Generating Station,ND,48.2325,-103.9528,Pipeline Natural Gas
57943,Lonesome Creek Station,ND,47.7966,-103.5783,Pipeline Natural Gas
57978,Lodi Energy Center,CA,38.088,-121.3867,Pipeline Natural Gas
58001,Temple Power Station,TX,31.0558,-97.3172,Pipeline Natural Gas
58005,Rayburn Energy Station,TX,33.5756,-96.6158,Pipeline Natural Gas
58054,Burgess BioPower,NH,44.4719,-71.1753,Wood
58079,Newark Energy Center,NJ,40.7082,-74.1284,Pipeline Natural Gas
58122,"Delano Energy Center, LLC",CA,35.7909,-119.2945,Pipeline Natural Gas
58124,Rothschild Biomass Cogeneration Facility,WI,44.8878,-89.6298,Wood
58235,Clayville,NJ,39.4245,-75.0201,Pipeline Natural Gas
58236,Marshalltown Generating Station,IA,42.04,-92.87,Pipeline Natural Gas
58260,Brunswick County Power Station,VA,36.7637,-77.7112,Pipeline Natural Gas
58284,La Luz Energy Center,NM,34.6178,-106.817,Pipeline Natural Gas
58325,Charles D Lamb Energy Center,OK,36.8138,-97.1252,Pipeline Natural Gas
58378,Carbon Capture Plant,TX,29.4753,-95.6341,Pipeline Natural Gas
58413,Copper Crossing Energy & Research Center,AZ,33.1567,-111.4714,Pipeline Natural Gas
58420,Hamilton Liberty Generation Plant,PA,41.7674,-76.3899,Pipeline Natural Gas
58426,Hamilton Patriot Generation Plant,PA,41.1808,-76.8392,Pipeline Natural Gas
58427,Lansing BWL REO Town Plant,MI,42.7197,-84.5518,Pipeline Natural Gas
58471,Ector County Energy Center,TX,32.0694,-102.5856,Natural Gas
58478,LEPA Unit No. 1,LA,29.6913,-91.193,Pipeline Natural Gas
58503,Carty Generating Station,OR,45.699,-119.8131,Pipeline Natural Gas
58562,Montana Power Station,TX,31.8239,-106.2119,Pipeline Natural Gas
58933,Shell Chemical Appalachia LLC,PA,40.6717,-80.3364,Pipeline Natural Gas
59004,"Potomac Energy Center, LLC",VA,39.0578,-77.5425,Natural Gas
59073,Cove Point LNG Terminal,MD,38.387,-76.408,Natural Gas
59093,Holland Energy Park,MI,42.793,-86.0925,Pipeline Natural Gas
59220,Wildcat Point Generation Facility,MD,39.7194,-76.1616,Pipeline Natural Gas
59325,Kings Mountain Energy Center,NC,35.1986,-81.3604,Pipeline Natural Gas
59326,Middletown Energy Center,OH,39.4679,-84.3531,Pipeline Natural Gas
59764,Oregon Clean Energy Center,OH,41.6679,-83.4437,Pipeline Natural Gas
59773,Carroll County Energy,OH,40.6048,-81.0592,Pipeline Natural Gas
59812,Wolf Hollow II,TX,32.3377,-97.7346,Pipeline Natural Gas
59882,Exelon West Medway II,MA,42.1375,-71.444,Pipeline Natural Gas
59906,Moxie Freedom Generation Plant,PA,41.1117,-76.16,Pipeline Natural Gas
59913,Greensville County Power Station,VA,36.7184,-77.6523,Pipeline Natural Gas
59926,Alpine Power Plant,MI,45.0624,-84.8261,Pipeline Natural Gas
60122,Colorado Bend II,TX,29.2878,-96.0656,Pipeline Natural Gas
60264,Bacliff Generating Station,TX,29.4922,-94.9844,Pipeline Natural Gas
60302,Keys Energy Center,MD,38.6955,-76.8278,Pipeline Natural Gas
60340,Albany Green Energy LLC,GA,31.5492,-84.1114,Wood
60345,Okeechobee Clean Energy Center,FL,27.6342,-80.7911,Pipeline Natural Gas
60356,"South Field Energy, LLC",OH,40.635,-80.6793,Pipeline Natural Gas
60357,Lackawanna Energy Center,PA,41.4711,-75.5436,Pipeline Natural Gas
60368,Hummel Station,PA,40.839,-76.8255,Pipeline Natural Gas
60376,"Clean Energy Future - Lordstown, LLC",OH,41.1489,-80.8516,Pipeline Natural Gas
60387,Invenergy Nelson Expansion LLC,IL,41.7747,-89.6062,Pipeline Natural Gas
60459,Port Comfort Peaking Facility,TX,28.648,-96.5457,Pipeline Natural Gas
60460,"Chamon Power, LLC",TX,29.8833,-95.1113,Pipeline Natural Gas
60464,Tenaska Westmoreland Generating Station,PA,40.1764,-79.6934,Pipeline Natural Gas
60468,Tejas Power Generation Unit 1,TX,29.6464,-95.4518,Pipeline Natural Gas
60589,"CPV Fairview, LLC",PA,40.4125,-78.8561,Natural Gas
60698,Stanton Energy Reliability Center,CA,33.807,-117.9864,Pipeline Natural Gas
60903,Salem Harbor Station NGCC,MA,42.5256,-70.8784,Pipeline Natural Gas
60910,NET Power La Porte Station,TX,29.6468,-95.0541,Pipeline Natural Gas
60925,Montgomery County Power Station,TX,30.4358,-95.5206,Pipeline Natural Gas
60926,St. Charles Power Station,LA,30.0051,-90.4617,Pipeline Natural Gas
60927,Lake Charles Power Station,LA,30.2706,-93.2886,Pipeline Natural Gas
61028,Hickory Run Energy Station,PA,40.9951,-80.4301,Pipeline Natural Gas
61035,Birdsboro Power,PA,40.2683,-75.8,Pipeline Natural Gas
61144,Astoria Station,SD,44.5812,-96.565,Pipeline Natural Gas
61241,Victoria City Peaking Facility,TX,28.7853,-97.0093,Pipeline Natural Gas
61242,Victoria Port Peaking Facility,TX,28.6958,-96.9454,Pipeline Natural Gas
61322,Long Ridge Energy Generation,OH,39.7025,-80.8455,Pipeline Natural Gas
61966,Victoria Port Power II Peaking Facility,TX,28.6967,-96.9449,Pipeline Natural Gas
62192,Blue Water Energy Center,MI,42.7763,-82.4813,Pipeline Natural Gas
62548,SJRR Power Peaking Facility,TX,29.8819,-95.1114,Pipeline Natural Gas
62565,Hill Top Energy Center,PA,39.8931,-79.9308,Pipeline Natural Gas
62926,"Jackson Generation, LLC",IL,41.4388,-88.111,Pipeline Natural Gas
62949,Guernsey Power Station,OH,39.9387,-81.5363,Pipeline Natural Gas
63259,Delta Energy Park,MI,42.6906,-84.6578,Pipeline Natural Gas
63335,HO Clarke Generating,TX,29.6454,-95.4517,Pipeline Natural Gas
63559,MMWEC Simple Cycle Gas Turbine,MA,42.5429,-70.927,Pipeline Natural Gas
63628,Tinker,OK,35.4147,-97.3734,Pipeline Natural Gas
63688,Topaz Generating,TX,29.4262,-94.9767,Pipeline Natural Gas
63931,CPV Three Rivers Energy Center,IL,41.3722,-88.2844,Pipeline Natural Gas
64383,Braes Bayou Plant,TX,29.4803,-95.6203,Pipeline Natural Gas
64547,Turtle Creek Station,NE,41.0963,-96.1692,Pipeline Natural Gas
64854,Primient,IN,40.3763,-86.8437,Pipeline Natural Gas
65372,Mark One Power Station,TX,29.2286,-95.4311,Pipeline Natural Gas
65373,Brotman Power Station,TX,29.3642,-95.4351,Pipeline Natural Gas
66600,Bushy Park Combustion Turbine Facility,SC,33.0163,-79.9285,Pipeline Natural Gas
66604,Remy Jade Power Station,TX,29.8462,-95.0172,Pipeline Natural Gas
66918,Trumbull Energy Center,OH,41.1476,-80.8525,Pipeline Natural Gas
67005,Magnolia Power Generating Station Unit 1,LA,30.2525,-91.1644,Pipeline Natural Gas
68386,Mountain Peak Power Station,CO,40.1472,-104.543,Pipeline Natural Gas
70454,Hartwell Energy Facility,GA,34.3387,-82.8207,Pipeline Natural Gas
880004,GSA Central Heating,DC,38.8856,-77.0244,Pipeline Natural Gas
880006,Vicinity Energy Philadelphia Edison Sta,PA,39.949,-75.1557,Other Oil
880007,AdvanSix Resins & Chemicals LLC,PA,40.0067,-75.0686,Pipeline Natural Gas
880023,Kneeland Station,MA,42.35,-71.0583,Pipeline Natural Gas
880024,Momentive Performance Materials,NY,42.8158,-73.6728,Pipeline Natural Gas
880025,Trainer Refinery,PA,39.8228,-75.4033,Process Gas
880028,Procter & Gamble Company - Ivorydale,OH,39.1756,-84.5022,Pipeline Natural Gas
880029,Marathon Petroleum Company LP,MI,42.165,-83.091,Process Gas
880030,Ohio Refining Company LLC,OH,41.6786,-83.4539,Process Gas
880031,Corteva Agriscience LLC,MI,43.6025,-84.2404,Pipeline Natural Gas
880038,"Catlettsburg Refining, LLC",KY,38.375,-82.6042,Process Gas
880039,Cargill Incorporated - Dayton,OH,39.8242,-84.1747,Pipeline Natural Gas
880041,Ascend (Decatur Plant),AL,34.6339,-87.0244,Natural Gas
880042,Cleveland-Cliffs Steel - Middletown,OH,39.4968,-84.3901,Other Gas
880045,University of Michigan,MI,42.2808,-83.7342,Pipeline Natural Gas
880049,Bernville Station,PA,40.4092,-76.1511,Pipeline Natural Gas
880050,Shermans Dale Station,PA,40.3439,-77.1628,Pipeline Natural Gas
880052,Lehigh Northeast Cement Company,NY,43.3064,-73.6208,Coal
880053,Altivia Services Institute Facility,WV,38.3845,-81.7764,Pipeline Natural Gas
880057,INVISTA S.a.r.l. Camden Plant,SC,34.2337,-80.658,Pipeline Natural Gas
880065,Phoenix Paper Wickliffe LLC,KY,36.9461,-89.0792,Pipeline Natural Gas
880067,Wood River Refinery,IL,38.8375,-90.0675,Natural Gas
880071,Armagh Compressor Station,PA,40.4319,-79.085,Pipeline Natural Gas
880072,Entriken Compressor Station,PA,40.3086,-78.1389,Pipeline Natural Gas
880074,Marlboro Paper Mill,SC,34.605,-79.785,Pipeline Natural Gas
880075,"Indorama Ventures Xylenes and PTA, LLC",AL,34.64,-87.0583,Natural Gas
880076,Lemont Refinery,IL,41.6439,-88.0467,Process Gas
880079,Tate & Lyle-Loudon,TN,35.7433,-84.3208,Pipeline Natural Gas
880083,Lima Refinery,OH,40.7234,-84.1133,Process Gas
880086,"Alto Central, LLC",IL,40.555,-89.6628,Pipeline Natural Gas
880088,Marathon Petroleum Company LP,IL,39.0,-87.7222,Process Gas
880089,"INEOS Joliet, LLC",IL,41.4417,-88.1728,Pipeline Natural Gas
880092,INEOS US Chemicals Company CR Plant,SC,32.9701,-79.8905,Natural Gas
880093,AdvanSix Resins and Chemicals - Hopewell,VA,37.1815,-77.1621,Pipeline Natural Gas
880099,United Refining Company,PA,41.8359,-79.1374,
880100,Ravenswood Steam Plant,NY,40.76,-73.75,Residual Oil
880101,"WestRock CP, LLC - Stevenson Mill",AL,34.838,-85.7865,Pipeline Natural Gas
880102,"AES Puerto Rico, LP",PR,17.9477,-66.154,Coal
880103,Palo Seco Steam Power Plant,PR,18.4556,-66.1489,
880104,Costa Sur Steam Power Plant,PR,18.0009,-66.753,
880105,Aguirre Steam Power Plant,PR,17.9495,-66.2315,
880106,San Juan Steam Power Plant,PR,18.4263,-66.1037,
880107,ETMT Marcus Hook Terminal,PA,39.8076,-75.4239,Other Gas
880108,Grain Processing Corporation,IN,38.6552,-87.1814,Natural Gas
880109,Pratt Paper (OH),OH,40.5426,-84.1916,Pipeline Natural Gas
880110,Holston Army Ammunition Plant,TN,36.5493,-82.6342,Pipeline Natural Gas
